TIME,TIMECORR,CADENCENO,SAP_FLUX,SAP_FLUX_ERR,SAP_BKG,SAP_BKG_ERR,PDCSAP_FLUX,PDCSAP_FLUX_ERR,SAP_QUALITY,PSF_CENTR1,PSF_CENTR1_ERR,PSF_CENTR2,PSF_CENTR2_ERR,MOM_CENTR1,MOM_CENTR1_ERR,MOM_CENTR2,MOM_CENTR2_ERR,POS_CORR1,POS_CORR2
120.5395305061611,0.0013780862,568,7155276.0,69.06316,13091.077,3.5601068,7157115.5,68.121445,0,,,,,608.2397510919232,8.312284E-6,701.4929953090641,5.4895678E-5,0.0037315795,-0.01297559
120.55996506984957,0.0013790498,569,7155211.5,69.06247,13090.231,3.5519748,7156955.5,68.226265,0,,,,,608.2394071351378,8.313338E-6,701.4932418286475,5.4892218E-5,0.0032799635,-0.012248698
120.58039953342086,0.0013800134,570,7155088.5,69.06243,13092.624,3.5580223,7156875.0,68.16453,128,,,,,608.2399553810044,8.314193E-6,701.4940275054378,5.488776E-5,0.0037828672,-0.011621558
120.6008341969864,0.001380977,571,7155051.5,69.06174,13092.875,3.5576148,7156887.0,68.28385,128,,,,,608.2397565437032,8.313297E-6,701.493890873983,5.4891803E-5,0.003679583,-0.010906607
120.62126876055845,0.0013819406,572,7155495.0,69.06441,13121.157,3.5596497,7157401.0,68.27837,0,,,,,608.2403751718124,8.315669E-6,701.4948153444059,5.4880788E-5,0.0040901424,-0.009861592
120.64170322389691,0.0013829039,573,7154557.5,69.05939,13084.514,3.5605812,7156478.5,68.14294,0,,,,,608.240568763683,8.3145205E-6,701.4952207087902,5.4887096E-5,0.0044783726,-0.009564343
120.66213778734527,0.0013838673,574,7154804.0,69.06102,13103.337,3.5608966,7156764.0,68.24968,0,,,,,608.2404028895395,8.315795E-6,701.495471569945,5.4881835E-5,0.00415618,-0.009041372
120.68257245056884,0.0013848306,575,7155014.5,69.061935,13099.534,3.55846,7156991.5,68.27307,128,,,,,608.2405322181747,8.315934E-6,701.4954380214929,5.4880777E-5,0.004232563,-0.008874278
120.70300691379089,0.0013857938,576,7155159.5,69.06261,13100.745,3.559501,7157137.0,68.40467,128,,,,,608.2404299718477,8.316059E-6,701.4953502535105,5.488057E-5,0.004162228,-0.008741465
120.72344147689,0.0013867569,577,7155148.5,69.062325,13086.262,3.5561657,7157162.0,68.202324,0,,,,,608.2408261652502,8.316468E-6,701.4956582263802,5.4879023E-5,0.0045378897,-0.008377992
120.74387613999716,0.00138772,578,7155037.5,69.061874,13098.358,3.5582108,7157047.0,68.38772,0,,,,,608.2402765878866,8.317546E-6,701.4960006403942,5.487342E-5,0.003838622,-0.008174438
120.76431060298637,0.001388683,579,7154852.0,69.06097,13079.223,3.5555468,7156828.0,68.43675,0,,,,,608.2403826341272,8.316499E-6,701.4956644815289,5.4879743E-5,0.0040792325,-0.008436167
120.78474516585266,0.0013896459,580,7155221.0,69.0624,13100.935,3.5587358,7157275.0,68.31215,0,,,,,608.2403747598723,8.317888E-6,701.4959204155131,5.4871685E-5,0.003897614,-0.008135258
120.80517972872622,0.0013906087,581,7155183.0,69.06207,13082.109,3.5584898,7157203.5,68.416954,8192,,,,,608.2401533593597,8.317332E-6,701.4956992079453,5.4874698E-5,0.0037297558,-0.008117409
120.82561429148336,0.0013915715,582,7155385.5,69.063354,13078.175,3.5571547,7157418.0,68.31084,0,,,,,608.2404369707926,8.3174855E-6,701.4956445407582,5.4874956E-5,0.004034756,-0.008121013
120.84604885423323,0.0013925342,583,7155524.5,69.06318,13080.306,3.5580623,7157581.5,68.31746,0,,,,,608.2402708498831,8.318466E-6,701.495772565305,5.4868564E-5,0.0036787617,-0.008106559
120.86648341675755,0.0013934968,584,7155153.5,69.06194,13076.518,3.5603664,7157200.0,68.35078,8192,,,,,608.2398710864226,8.317425E-6,701.4954985708307,5.4874803E-5,0.0034333228,-0.008262586
120.88691807939904,0.0013944594,585,7155277.5,69.061966,13086.331,3.556169,7157314.0,68.47172,0,,,,,608.2403811549648,8.318653E-6,701.4962682136626,5.486755E-5,0.0038262988,-0.007598217
120.9073525417989,0.0013954218,586,7155531.5,69.06405,13242.273,3.559917,7157614.0,68.4279,0,,,,,608.240094197578,8.319244E-6,701.4958290231036,5.4870707E-5,0.0035349992,-0.0076244725
120.9277871042068,0.0013963842,587,7155228.0,69.0622,13081.05,3.5579321,7157308.5,68.48572,0,,,,,608.2402929182306,8.318152E-6,701.4962144941857,5.487054E-5,0.003768355,-0.007259984
120.94822176649177,0.0013973465,588,7155293.5,69.0622,13076.3125,3.559248,7157369.5,68.53159,0,,,,,608.2401740588831,8.319268E-6,701.4963990375352,5.4865868E-5,0.003537314,-0.007154607
120.96865622878249,0.0013983088,589,7155523.0,69.06339,13100.371,3.5557673,7157588.0,68.59561,0,,,,,608.2395406465678,8.318942E-6,701.4960300116844,5.486593E-5,0.0029128469,-0.007400361
120.98909079095756,0.001399271,590,7155071.5,69.06175,13068.785,3.5579953,7157142.5,68.59795,128,,,,,608.2391231424278,8.318835E-6,701.4959062183407,5.4868633E-5,0.002457746,-0.007408884
121.00952525301545,0.001400233,591,7155407.0,69.0625,13083.848,3.558015,7157554.0,68.54531,0,,,,,608.2392910770459,8.320208E-6,701.4965813347146,5.4860964E-5,0.002479929,-0.0068941903
121.0299599150676,0.0014011951,592,7155306.5,69.06233,13101.561,3.5549316,7157391.0,68.61849,0,,,,,608.2394745096686,8.318523E-6,701.4962218963037,5.486773E-5,0.0028609782,-0.0068893353
121.05039447700983,0.001402157,593,7155473.0,69.06272,13102.89,3.5563498,7157560.5,68.58611,0,,,,,608.2392935736933,8.320087E-6,701.4968225700276,5.485949E-5,0.0025058729,-0.0061896006
121.07082903895207,0.001403119,594,7155396.0,69.06332,13087.284,3.5597675,7157442.0,68.63241,128,,,,,608.2397332756004,8.319056E-6,701.4964580505393,5.486642E-5,0.0030218603,-0.006594715
121.0912636006542,0.0014040807,595,7155179.5,69.06239,13088.604,3.5590785,7157219.0,68.66764,0,,,,,608.2396912155307,8.319495E-6,701.4968526347974,5.4864235E-5,0.0029645362,-0.0064292173
121.11169816236361,0.0014050424,596,7155551.0,69.0637,13091.858,3.5545833,7157616.5,68.65723,0,,,,,608.2396835144094,8.319544E-6,701.4966791204188,5.486298E-5,0.002918337,-0.0062612058
121.13213272407302,0.0014060041,597,7155606.5,69.06413,13095.0625,3.5568147,7157664.0,68.690506,0,,,,,608.2395772315917,8.320133E-6,701.4968246545742,5.486044E-5,0.0027940073,-0.0062330244
121.15256718565797,0.0014069657,598,7155322.0,69.06287,13102.553,3.557114,7157382.0,68.691315,0,,,,,608.2396547305941,8.319042E-6,701.4964340161924,5.4866596E-5,0.0029770068,-0.006638426
121.17300184713531,0.0014079271,599,7155548.5,69.063034,13104.809,3.5568779,7157661.5,68.724106,0,,,,,608.2394583621965,8.320328E-6,701.4968605866762,5.4857854E-5,0.0025408224,-0.006585357
121.19343640861189,0.0014088886,600,7154881.5,69.060005,13099.278,3.5555186,7156975.5,68.75273,0,,,,,608.2394416385495,8.318868E-6,701.4965594247259,5.4867247E-5,0.0027393661,-0.007030664
121.2138708698476,0.0014098499,601,7156231.5,69.06629,13095.928,3.554136,7158371.0,68.71988,0,,,,,608.2396898451959,8.3195755E-6,701.4959378026537,5.486024E-5,0.0028130463,-0.0073565794
121.23430553120852,0.0014108112,602,7155958.0,69.065216,13089.475,3.558089,7158095.0,68.70929,0,,,,,608.2398039764532,8.319086E-6,701.4957238952007,5.486422E-5,0.0030158504,-0.007676817
121.25474009233585,0.0014117723,603,7155821.0,69.064445,13060.101,3.5589292,7157964.0,68.72581,8192,,,,,608.2399512346475,8.318836E-6,701.4958789270993,5.486462E-5,0.0031452372,-0.007838042
121.27517455345514,0.0014127335,604,7155765.5,69.06449,13080.39,3.5591815,7157890.0,68.76982,8192,,,,,608.2398567845024,8.318974E-6,701.4956491199146,5.4865894E-5,0.003068175,-0.008033496
121.29560911446606,0.0014136945,605,7156331.0,69.06689,13090.69,3.5549786,7158424.5,68.82629,0,,,,,608.2396853916151,8.319201E-6,701.4954906870562,5.486237E-5,0.002805624,-0.008075248
121.31604377547774,0.0014146555,606,7156042.5,69.066,13089.662,3.5594673,7158127.5,68.816826,0,,,,,608.2398398159104,8.318368E-6,701.4952300012801,5.486895E-5,0.0030977014,-0.008336788
121.33647833636496,0.0014156164,607,7156400.0,69.06719,13085.864,3.5560663,7158515.0,68.80864,0,,,,,608.239939491242,8.319743E-6,701.4958049836325,5.485971E-5,0.0029784865,-0.007798351
121.35691279714229,0.0014165771,608,7155821.5,69.064705,13076.542,3.5584655,7157888.5,68.87666,0,,,,,608.2400551753406,8.317965E-6,701.4955214054352,5.4869724E-5,0.0033471603,-0.008297468
121.37734745792113,0.0014175379,609,7156270.5,69.0667,13096.438,3.5591629,7158404.5,68.83425,8192,,,,,608.2398054521253,8.319317E-6,701.4956691529973,5.486128E-5,0.0029300968,-0.008027976
121.39778201857553,0.0014184986,610,7156311.5,69.06703,13092.663,3.5601304,7158436.5,68.87361,0,,,,,608.2396343749742,8.318913E-6,701.4952291125761,5.4864948E-5,0.0027667105,-0.008255549
121.41821647912002,0.0014194591,611,7156183.5,69.06649,13103.169,3.562701,7158300.5,68.87766,0,,,,,608.2400301307503,8.318109E-6,701.4952943015586,5.486776E-5,0.003248515,-0.008428827
121.43865103966527,0.0014204197,612,7156250.0,69.06612,13099.693,3.5533147,7158399.5,68.88066,0,,,,,608.2400528927526,8.319018E-6,701.4956181403747,5.4863427E-5,0.003197343,-0.007983761
121.4590857000876,0.0014213801,613,7156007.5,69.06542,13100.916,3.553755,7158171.5,68.84617,0,,,,,608.2402322756874,8.319049E-6,701.4957971271805,5.4864136E-5,0.0033860353,-0.008182398
121.47952016039926,0.0014223404,614,7155993.0,69.06531,13085.946,3.5555975,7158107.0,68.91694,0,,,,,608.2400891192597,8.318032E-6,701.495368541663,5.4868495E-5,0.0033020405,-0.008426198
121.49995472071168,0.0014233007,615,7155749.5,69.06418,13089.858,3.5571434,7157931.5,68.868416,128,,,,,608.24022511979,8.319593E-6,701.4961236881599,5.48622E-5,0.0033016473,-0.008070598
121.52038928090042,0.0014242609,616,7155589.0,69.06328,13087.41,3.555548,7157689.5,68.900795,0,,,,,608.2402158860697,8.317915E-6,701.4955158599321,5.4870092E-5,0.0034681628,-0.008667982
121.54082394098077,0.001425221,617,7155834.5,69.064445,13082.774,3.557556,7157989.5,68.93102,0,,,,,608.2400493674182,8.319025E-6,701.495874201536,5.4863507E-5,0.003167856,-0.008365144
121.56125850106037,0.001426181,618,7156039.0,69.06518,13085.285,3.555402,7158194.0,68.94818,0,,,,,608.2401960438006,8.318761E-6,701.4956793749246,5.4864082E-5,0.0033204167,-0.008382912
121.5816929610155,0.001427141,619,7155844.0,69.06515,13205.428,3.5570078,7157971.5,68.92571,0,,,,,608.2401708195684,8.318316E-6,701.4953688768386,5.4870998E-5,0.0034182998,-0.00874657
121.60212762097945,0.001428101,620,7156214.0,69.06696,13097.956,3.5562198,7158378.0,68.951775,0,,,,,608.2403739591534,8.319178E-6,701.4957980698248,5.4863434E-5,0.0034611349,-0.008168917
121.62256218070979,0.0014290607,621,7156188.5,69.0666,13072.695,3.5580404,7158354.5,68.96629,0,,,,,608.2402551767897,8.318315E-6,701.4952258736826,5.4867316E-5,0.003400381,-0.008801707
121.6429966404321,0.0014300204,622,7156265.0,69.06666,13085.28,3.556404,7158429.5,68.94891,0,,,,,608.2397305075255,8.318159E-6,701.4950348276143,5.4867003E-5,0.0028702777,-0.009047523
121.66343120016245,0.0014309802,623,7156749.5,69.069,13086.854,3.5587752,7158928.0,68.946884,0,,,,,608.2399915166358,8.318798E-6,701.4950445134247,5.4863183E-5,0.0030171962,-0.008817421
121.68386585966073,0.0014319397,624,7156132.0,69.06605,13074.169,3.5581312,7158266.5,68.94058,8192,,,,,608.2400163593693,8.317899E-6,701.495051266981,5.4868895E-5,0.0031884613,-0.009102648
121.7043003191502,0.0014328992,625,7156005.0,69.065445,13072.526,3.5580065,7158172.5,68.96454,0,,,,,608.2398832265192,8.3188825E-6,701.4954252114101,5.4864635E-5,0.0029432536,-0.008741202
121.72473487864772,0.0014338586,626,7156262.0,69.06607,13072.48,3.558033,7158443.5,68.94331,0,,,,,608.2395162215463,8.319099E-6,701.4951789263017,5.48624E-5,0.0025436822,-0.009121773
121.74516953791317,0.0014348179,627,7156439.5,69.06759,13079.133,3.5579104,7158562.0,68.90561,0,,,,,608.2399264040014,8.317423E-6,701.4946210858541,5.487028E-5,0.0031318937,-0.00939534
121.76560399716982,0.0014357772,628,7156266.0,69.06666,13070.072,3.5607893,7158444.0,68.929436,0,,,,,608.2398984795626,8.3193645E-6,701.4955231151349,5.4861022E-5,0.0028881356,-0.008725696
121.78603855631809,0.0014367363,629,7156314.5,69.06694,13068.661,3.55989,7158451.5,68.92053,0,,,,,608.2400577668146,8.317977E-6,701.4947332173381,5.4868917E-5,0.0032196555,-0.0093987025
121.80647311546636,0.0014376955,630,7156597.5,69.068085,13068.891,3.5568273,7158770.5,68.96295,0,,,,,608.2400803513766,8.318135E-6,701.4948786906397,5.4865835E-5,0.0031828657,-0.00930656
121.82690767449094,0.0014386545,631,7156388.5,69.06719,13054.703,3.556926,7158577.0,68.96683,0,,,,,608.2400119956601,8.318459E-6,701.4950258093544,5.4865686E-5,0.0030944485,-0.009125571
121.84734223340638,0.0014396134,632,7156535.0,69.06858,13052.177,3.5585968,7158683.0,68.92015,0,,,,,608.2402253065204,8.318197E-6,701.4951069163097,5.4865905E-5,0.0033042748,-0.0089100255
121.86777679232182,0.0014405723,633,7156405.0,69.06771,13053.198,3.5581987,7158552.5,68.9332,0,,,,,608.2408511487308,8.317836E-6,701.4952596355146,5.4868404E-5,0.0040713074,-0.0087489365
121.88821135111357,0.0014415311,634,7156529.0,69.06812,13065.448,3.5555017,7158712.5,68.985245,0,,,,,608.2404152207507,8.319173E-6,701.4955866972706,5.4860775E-5,0.003437441,-0.0085728085
121.90864590979618,0.0014424898,635,7156287.5,69.06708,13059.128,3.5578482,7158420.0,68.96491,0,,,,,608.2402233192123,8.317347E-6,701.494773889411,5.4871354E-5,0.0034857304,-0.009253154
121.92908046847879,0.0014434485,636,7156595.5,69.06871,13061.735,3.5603592,7158772.0,68.973724,0,,,,,608.2404362305583,8.319256E-6,701.4954309978779,5.4860895E-5,0.0034226628,-0.008796243
121.94951492692053,0.0014444069,637,7156515.5,69.06862,13056.773,3.5598936,7158677.5,68.98389,0,,,,,608.2404472874638,8.317893E-6,701.4949917479987,5.4869663E-5,0.0036213635,-0.00899118
121.96994958537107,0.0014453654,638,7156446.0,69.06749,13059.1875,3.5584095,7158634.5,68.968094,0,,,,,608.2401454859685,8.318538E-6,701.495298710917,5.4863533E-5,0.0031903666,-0.008594554
121.99038414382085,0.0014463238,639,7156257.5,69.0663,13065.301,3.5546708,7158460.5,68.96571,8192,,,,,608.2400428455899,8.318557E-6,701.4954199699557,5.486391E-5,0.0031091173,-0.008665014
122.01081860215345,0.0014472821,640,7156850.0,69.0695,13063.264,3.5558918,7159025.5,68.914444,0,,,,,608.2402000700532,8.31775E-6,701.4947702788342,5.48662E-5,0.0032797242,-0.008988583
122.03125326036388,0.0014482404,641,7156177.5,69.06619,13070.949,3.5588734,7158365.0,68.9006,0,,,,,608.2391522484779,8.31867E-6,701.4950163301795,5.4864366E-5,0.002195404,-0.009167816
122.05168781846442,0.0014491985,642,7156857.0,69.06895,13049.83,3.5597756,7159059.0,68.91018,0,,,,,608.2396194966326,8.3186505E-6,701.4948446919559,5.4861946E-5,0.0025603676,-0.009014107
122.07212237655767,0.0014501566,643,7156178.0,69.06596,13060.267,3.5570965,7158362.5,68.88163,0,,,,,608.2394424652872,8.317975E-6,701.4947788357446,5.486845E-5,0.0025561366,-0.00932935
122.09255683454103,0.0014511145,644,7156781.5,69.068504,13044.651,3.556486,7159011.0,68.94198,8320,,,,,608.2395249999739,8.318928E-6,701.4950212221554,5.486057E-5,0.0024831595,-0.008936338
122.11299149240949,0.0014520724,645,7156501.0,69.067375,13051.521,3.5578332,7158688.0,68.887085,128,,,,,608.2394071105588,8.31828E-6,701.4948199835566,5.4865366E-5,0.0024261833,-0.009171545
122.13342605026992,0.0014530303,646,7156382.0,69.067085,13058.196,3.559097,7158580.5,68.87716,0,,,,,608.2399882607684,8.318456E-6,701.4954366822177,5.4863078E-5,0.003032757,-0.008444115
122.15386050802044,0.001453988,647,7156318.5,69.06713,13079.663,3.5566683,7158552.0,68.91092,0,,,,,608.2400890535247,8.3192945E-6,701.4956100533792,5.4862056E-5,0.0030836982,-0.008461731
122.17429516565608,0.0014549457,648,7156410.0,69.06748,13066.91,3.558162,7158605.5,68.708496,0,,,,,608.23970222689,8.318008E-6,701.495150776502,5.4866476E-5,0.0027820738,-0.008657634
122.19472972328367,0.0014559033,649,7156344.5,69.0664,13046.577,3.5594847,7158572.5,68.79784,128,,,,,608.2395138402527,8.319027E-6,701.4955730897836,5.4859902E-5,0.002506861,-0.008355013
122.21516418080137,0.0014568608,650,7155933.0,69.065315,13034.505,3.558153,7158143.5,68.71381,0,,,,,608.2398989166767,8.318964E-6,701.4959110254924,5.4862197E-5,0.0029336761,-0.008189533
122.23559873820341,0.0014578182,651,7156016.5,69.06539,13043.285,3.5571609,7158211.0,68.53221,0,,,,,608.239890856738,8.318333E-6,701.4956202613204,5.4864588E-5,0.0029894584,-0.008356768
122.25603339548252,0.0014587755,652,7156334.5,69.06694,13045.275,3.5581646,7158550.5,68.62223,0,,,,,608.2399561174698,8.319288E-6,701.4956914253896,5.4861044E-5,0.00292154,-0.00812
122.27646785276738,0.0014597328,653,7156401.0,69.06732,13035.344,3.5592887,7158623.0,68.72079,128,,,,,608.2397740582372,8.318315E-6,701.4952082433956,5.486438E-5,0.0028004113,-0.008786664
122.29690240993659,0.0014606899,654,7156194.0,69.06623,13033.124,3.5563319,7158376.0,68.53142,0,,,,,608.2398311717208,8.3180375E-6,701.4952639251345,5.486633E-5,0.0029432748,-0.008611941
122.31733706709929,0.0014616471,655,7156362.0,69.066345,13034.557,3.5580533,7158624.5,68.83191,0,,,,,608.2396019564924,8.319393E-6,701.4955927476932,5.485818E-5,0.002539393,-0.00837949
122.3377715240349,0.001462604,656,7156096.0,69.06542,13030.745,3.5583599,7158287.5,68.46695,0,,,,,608.2394642782956,8.317847E-6,701.4950673472908,5.4867225E-5,0.0025885804,-0.008860899
122.35820608097129,0.001463561,657,7156612.0,69.06728,13031.62,3.5558422,7158850.0,68.65965,128,,,,,608.2396458169793,8.319118E-6,701.4952979759614,5.4858974E-5,0.0025807808,-0.008620002
122.37864063790039,0.0014645179,658,7156418.0,69.06669,13031.251,3.55614,7158649.5,68.62675,0,,,,,608.2393729046166,8.318395E-6,701.4951932298575,5.4862998E-5,0.0024178105,-0.008513815
122.3990752946047,0.0014654746,659,7156260.0,69.0666,13041.198,3.5546236,7158534.5,68.752235,8192,,,,,608.2390167681828,8.319207E-6,701.4952441621822,5.4860906E-5,0.0019392481,-0.008616989
122.41950975130749,0.0014664313,660,7156552.0,69.068275,13025.101,3.5578194,7158808.5,68.572426,0,,,,,608.2391212739121,8.31897E-6,701.4949074736382,5.486231E-5,0.0020889048,-0.008919115
122.43994430788734,0.0014673879,661,7156434.0,69.06725,13024.378,3.5564637,7158704.0,68.62934,0,,,,,608.2389971077794,8.319218E-6,701.4953113468077,5.485875E-5,0.001895763,-0.008532638
122.46037896447524,0.0014683445,662,7156340.5,69.06747,13032.03,3.5567737,7158598.0,68.53298,8192,,,,,608.2388710080174,8.3189825E-6,701.4951305990913,5.486281E-5,0.001850168,-0.008517204
122.48081342082878,0.0014693008,663,7156355.0,69.06636,13038.688,3.5562413,7158646.5,68.74788,0,,,,,608.2393286708594,8.319816E-6,701.4955952449898,5.485822E-5,0.0022232688,-0.008310861
122.50124797729222,0.0014702573,664,7155855.5,69.06417,13027.395,3.560463,7158088.0,68.45773,0,,,,,608.2393225410665,8.318092E-6,701.4956044219222,5.486442E-5,0.0024101837,-0.008094999
122.52168243352935,0.0014712135,665,7156159.5,69.06615,13032.025,3.5559983,7158450.5,68.75675,0,,,,,608.2392577629723,8.3202085E-6,701.4959516791158,5.4856187E-5,0.0021495826,-0.007955821
122.542117089768,0.0014721698,666,7155738.5,69.06338,13019.505,3.5550382,7158007.5,68.61021,0,,,,,608.2393897459473,8.319034E-6,701.4958106416047,5.4862085E-5,0.002388873,-0.008156639
122.56255164576578,0.0014731258,667,7156047.5,69.06501,13036.948,3.553062,7158317.5,68.641655,128,,,,,608.2393140977749,8.31858E-6,701.495459866134,5.4864548E-5,0.0023305982,-0.008097566
122.58298620188725,0.0014740819,668,7156364.5,69.06731,13012.858,3.5599809,7158664.5,68.6529,0,,,,,608.2392353999451,8.319995E-6,701.4959062178629,5.48556E-5,0.002124289,-0.0077981963
122.6034207577759,0.0014750378,669,7155475.5,69.06334,13029.967,3.5555787,7157781.0,68.73585,128,,,,,608.2393805890413,8.319404E-6,701.4959386920051,5.486397E-5,0.0023749915,-0.007868562
122.62385531365726,0.0014759937,670,7156052.0,69.06513,13026.016,3.5546243,7158364.0,68.70502,0,,,,,608.2392096089679,8.319626E-6,701.4960218202688,5.4857897E-5,0.0021332924,-0.0076439576
122.64428986942949,0.0014769494,671,7155841.0,69.06476,13025.415,3.5553706,7158169.5,68.72873,0,,,,,608.238829034807,8.320066E-6,701.4963591067732,5.4856675E-5,0.0017336926,-0.0071585686
122.66472432508453,0.0014779051,672,7155785.5,69.064384,13012.189,3.5546658,7158094.5,68.58728,0,,,,,608.2387245451167,8.319717E-6,701.4963138236276,5.485762E-5,0.0016580233,-0.0069260867
122.68515898073383,0.0014788607,673,7156031.0,69.06505,13006.574,3.5563233,7158384.5,68.80407,0,,,,,608.2383925319267,8.320375E-6,701.4963090646384,5.4853877E-5,0.0012069596,-0.006632316
122.70559353627323,0.0014798163,674,7156145.0,69.065765,13006.609,3.555944,7158467.0,68.61583,0,,,,,608.2381480568912,8.320189E-6,701.4962661614528,5.4853226E-5,9.5811463E-4,-0.0066997884
122.72602799169545,0.0014807717,675,7155744.5,69.06426,13011.524,3.5562463,7158082.5,68.77953,0,,,,,608.2386484009718,8.319435E-6,701.4963134290941,5.485877E-5,0.0016303721,-0.006615565
122.74646264711191,0.0014817271,676,7156212.5,69.06614,12996.706,3.5625305,7158589.0,68.800316,0,,,,,608.2385702745574,8.321136E-6,701.4968847213864,5.4848606E-5,0.0012929013,-0.005919819
122.76689720230206,0.0014826823,677,7155502.5,69.06284,13002.318,3.55654,7157838.0,68.715836,0,,,,,608.2384799989778,8.319497E-6,701.4964494110901,5.4858956E-5,0.0014844025,-0.0065808543
122.78733165749145,0.0014836375,678,7155948.5,69.06515,13016.685,3.5538182,7158331.0,68.84003,8320,,,,,608.2386936828246,8.320881E-6,701.4967743670333,5.4852197E-5,0.0015045601,-0.0063446066
122.80776621267432,0.0014845927,679,7155690.5,69.06381,13006.266,3.5572724,7158037.0,68.63102,0,,,,,608.2381984112037,8.3202085E-6,701.4961649868314,5.4855867E-5,0.0010557614,-0.007121722
122.8282008676324,0.0014855476,680,7156022.5,69.06552,13005.121,3.5587776,7158400.5,68.79478,0,,,,,608.2386015035456,8.3199375E-6,701.4961870926875,5.4855915E-5,0.0014999642,-0.0067938836
122.84863542258972,0.0014865026,681,7156061.0,69.065605,13030.856,3.555462,7158431.0,68.68372,0,,,,,608.2387641954912,8.320294E-6,701.4963343806453,5.4855052E-5,0.0016183504,-0.006424816
122.86906997742335,0.0014874574,682,7156124.5,69.06598,13026.129,3.555328,7158491.0,68.67974,8320,,,,,608.2388143437976,8.319796E-6,701.4961033488904,5.485672E-5,0.0017304482,-0.0068125934
122.88950453226425,0.0014884123,683,7155906.0,69.06528,13009.302,3.5628464,7158280.5,68.72901,0,,,,,608.2385520827422,8.3199975E-6,701.4958943447833,5.4857235E-5,0.0014866974,-0.0072374176
122.90993908687233,0.0014893669,684,7156136.0,69.06584,13011.944,3.556686,7158552.0,68.73311,0,,,,,608.2383709301067,8.321133E-6,701.4961689825049,5.4851993E-5,0.0011508947,-0.006910041
122.93037364147312,0.0014903215,685,7155497.0,69.06292,13004.015,3.560305,7157891.5,68.71648,128,,,,,608.238447920144,8.320136E-6,701.4960046119152,5.4859986E-5,0.0013989162,-0.0073545193
122.95080809608044,0.0014912761,686,7156081.5,69.06575,12994.998,3.5568807,7158523.0,68.76755,0,,,,,608.2386371671577,8.320421E-6,701.495746498988,5.4856275E-5,0.0015182835,-0.0074371705
122.97124275045644,0.0014922305,687,7155753.5,69.064255,12999.216,3.5580072,7158198.5,68.74448,0,,,,,608.2387223876361,8.320749E-6,701.495936873755,5.485597E-5,0.0015476077,-0.0075009027
122.9916773048244,0.0014931848,688,7155696.0,69.06398,12984.715,3.5572574,7158145.0,68.84006,0,,,,,608.2386419018148,8.319812E-6,701.4957266771082,5.4860495E-5,0.0016206081,-0.0076411287
123.01211175908247,0.0014941391,689,7156410.0,69.06729,13016.98,3.555313,7158898.5,68.82231,128,,,,,608.2385997580252,8.32153E-6,701.4957208085349,5.485169E-5,0.0013809172,-0.0075055147
123.03254641322565,0.0014950932,690,7155868.5,69.064644,12991.402,3.5555594,7158310.0,68.749855,0,,,,,608.2380941851892,8.319797E-6,701.4951175379138,5.4860924E-5,0.0010593237,-0.008233197
123.05298096736078,0.0014960474,691,7156397.5,69.06729,12999.391,3.5576448,7158873.0,68.71176,0,,,,,608.2384359728851,8.321017E-6,701.4953684729672,5.4853983E-5,0.0012616224,-0.007650854
123.07341552138678,0.0014970014,692,7155889.5,69.0649,12993.21,3.5591462,7158383.5,68.78597,0,,,,,608.2388430243328,8.320523E-6,701.4958648682596,5.485701E-5,0.001745857,-0.0070421114
123.0938499752956,0.0014979553,693,7155691.0,69.06546,12995.481,3.559961,7158179.0,68.766884,128,,,,,608.2386933805894,8.321014E-6,701.49595921627,5.4857457E-5,0.0015637612,-0.007061938
123.11428462908225,0.0014989091,694,7156171.0,69.0661,12984.119,3.555221,7158671.5,68.85021,0,,,,,608.2384980831932,8.320391E-6,701.4956436454687,5.4855962E-5,0.0014021122,-0.0070934696
123.13471918287541,0.0014998629,695,7155899.5,69.064766,12983.938,3.5581899,7158428.5,68.774925,0,,,,,608.2383223079989,8.321021E-6,701.4959423789016,5.4853455E-5,0.0011670107,-0.00731189
123.1551536365514,0.0015008166,696,7155600.5,69.0634,12994.614,3.5567484,7158128.5,68.78689,128,,,,,608.238272970255,8.320687E-6,701.4955597679675,5.4858603E-5,0.0011995821,-0.007632649
123.17558829010522,0.0015017701,697,7156003.5,69.0647,12986.258,3.5546176,7158585.5,68.62614,0,,,,,608.2380123339764,8.321851E-6,701.4958730517849,5.485077E-5,7.515499E-4,-0.0072608124
123.19602284354914,0.0015027235,698,7155486.0,69.06241,12987.332,3.5555372,7158020.0,68.74526,0,,,,,608.2379504656377,8.320729E-6,701.4956480259862,5.485733E-5,8.6410646E-4,-0.007598075
123.2164572969923,0.001503677,699,7156205.0,69.06554,12984.847,3.5558598,7158780.5,68.7049,0,,,,,608.2378379634187,8.321173E-6,701.4955095185093,5.4853313E-5,6.632315E-4,-0.0071362862
123.23689185031981,0.0015046303,700,7156490.0,69.06691,12985.47,3.5569174,7159078.5,68.631386,0,,,,,608.2378521169993,8.321541E-6,701.4953529703374,5.4851538E-5,6.176637E-4,-0.0072660227
123.25732650352438,0.0015055835,701,7155826.5,69.0644,12970.245,3.5604546,7158387.0,68.8359,0,,,,,608.2381447621808,8.320461E-6,701.4955790300941,5.485694E-5,0.0011123734,-0.0070923967
123.27776095673471,0.0015065367,702,7156383.0,69.06659,12969.568,3.5536203,7159037.5,68.51679,128,,,,,608.2384173316525,8.322158E-6,701.4960896130091,5.4848046E-5,0.0011499403,-0.0064321347
123.29819550970569,0.0015074897,703,,,,,,,32800,,,,,,,,,,
123.31863016268471,0.0015084427,704,7155997.0,69.06487,12975.408,3.5611951,7158620.0,68.67564,0,,,,,608.2385622150215,8.321489E-6,701.4959230404155,5.4852735E-5,0.0014147202,-0.0067270417
123.33906461566221,0.0015093957,705,7155994.0,69.064865,12976.908,3.5555696,7158621.0,68.71871,0,,,,,608.2382695993397,8.321856E-6,701.4958779488034,5.4852484E-5,0.0010941854,-0.0064231823
123.35949916840764,0.0015103484,706,7155722.0,69.06337,12989.851,3.554677,7158333.5,68.78186,128,,,,,608.2385619183857,8.32165E-6,701.496059901336,5.4853583E-5,0.0014172738,-0.0067296545
123.37993372114579,0.0015113011,707,7155703.0,69.06341,12991.336,3.5523224,7158361.5,68.64626,0,,,,,608.2382642145266,8.322466E-6,701.4961106691198,5.485127E-5,0.0010561098,-0.006359776
123.40036837377556,0.0015122538,708,7155812.5,69.06383,12996.423,3.5589397,7158480.5,68.44682,0,,,,,608.2379866939069,8.322738E-6,701.4960423319301,5.484896E-5,6.972131E-4,-0.0064874813
123.42080282628012,0.0015132063,709,7156095.5,69.064766,12995.27,3.5539844,7158735.5,68.57932,0,,,,,608.2379968226238,8.321369E-6,701.4953801733969,5.4854514E-5,8.728414E-4,-0.0066714403
123.44123737879272,0.0015141588,710,7156308.5,69.06579,12975.234,3.5556169,7159004.5,68.49372,0,,,,,608.2381179319462,8.322884E-6,701.4958386606332,5.4847394E-5,8.5273397E-4,-0.0061952947
123.46167203107325,0.0015151111,711,7156031.0,69.065125,12979.041,3.5583165,7158704.0,68.762764,0,,,,,608.2382336358949,8.322148E-6,701.4957033371066,5.485225E-5,0.0010452147,-0.006322352
123.48210648335225,0.0015160633,712,7156415.0,69.06685,12965.505,3.5567722,7159088.5,68.62823,128,,,,,608.2381902558279,8.322329E-6,701.4954644222697,5.4851116E-5,0.0010084084,-0.00613138
123.50254103562474,0.0015170156,713,7156291.5,69.06622,12984.908,3.5535553,7159049.0,68.626595,0,,,,,608.2382878285149,8.323885E-6,701.4962080345265,5.4844648E-5,9.4825076E-4,-0.0057613687
123.52297548767092,0.0015179677,714,7155828.5,69.063965,12988.648,3.5553393,7158514.0,68.80889,0,,,,,608.2387066963779,8.321474E-6,701.4958127036252,5.4857024E-5,0.0016990303,-0.005827049
123.54341013971134,0.0015189197,715,7156379.5,69.06665,12982.54,3.55487,7159134.0,68.57487,0,,,,,608.2383449647551,8.324028E-6,701.4961536265865,5.4845124E-5,0.0010430473,-0.0053978376
123.56384469164186,0.0015198716,716,7155909.0,69.064255,12972.317,3.5536041,7158645.0,68.67078,0,,,,,608.2384609510312,8.322685E-6,701.4960937233209,5.485137E-5,0.0013401236,-0.0054095876
123.58427924345597,0.0015208235,717,7155936.5,69.06446,12991.611,3.5543716,7158700.0,68.73046,0,,,,,608.2387743000751,8.3234845E-6,701.4964087352635,5.484935E-5,0.001600864,-0.0049952143
123.60471379527007,0.0015217753,718,7156049.5,69.06495,12968.349,3.5547583,7158818.0,68.66113,0,,,,,608.2386400085724,8.323493E-6,701.496095501703,5.4849075E-5,0.0014597902,-0.005348931
123.62514834684407,0.0015227268,719,7156001.5,69.06483,12977.016,3.5561948,7158781.0,68.7069,0,,,,,608.2386689164899,8.323253E-6,701.4960609025601,5.4850658E-5,0.001529166,-0.005241814
123.64558289842535,0.0015236784,720,7156006.0,69.065125,12986.633,3.5555432,7158775.5,68.689896,0,,,,,608.2383430235292,8.323767E-6,701.4961385037143,5.4848453E-5,0.0011379371,-0.005145339
123.66601734988944,0.0015246299,721,7155853.5,69.06362,12968.325,3.5567517,7158632.5,68.78931,0,,,,,608.2379622755478,8.323823E-6,701.4961761185069,5.4848148E-5,7.3147065E-4,-0.005004941
123.68645200134779,0.0015255813,722,7155787.0,69.06411,12978.973,3.5599794,7158554.5,68.80293,0,,,,,608.238468654612,8.323328E-6,701.4962459643547,5.4851203E-5,0.001363727,-0.0049483664
123.70688655269623,0.0015265327,723,7156054.0,69.06501,12974.84,3.5575705,7158874.5,68.79097,0,,,,,608.2382856367262,8.324261E-6,701.4963093718428,5.4846078E-5,0.0010113437,-0.0047154636
123.72732100381108,0.0015274838,724,7156145.0,69.06554,12971.817,3.5574005,7158945.5,68.79359,0,,,,,608.2388157354316,8.323517E-6,701.4960780843953,5.485023E-5,0.0016384543,-0.0048273597
123.7477556550366,0.001528435,725,7155713.5,69.06326,12987.237,3.5554485,7158537.5,68.66055,0,,,,,608.2384175869229,8.323592E-6,701.4964026405012,5.4849912E-5,0.0012711068,-0.004531002
123.7681902060358,0.001529386,726,7156430.5,69.06632,12973.202,3.5597441,7159284.0,68.58577,0,,,,,608.238173129367,8.32467E-6,701.4963406513942,5.484263E-5,8.6205633E-4,-0.0041799746
123.78862465703423,0.001530337,727,7155630.5,69.062965,12976.249,3.5568905,7158404.0,68.84154,0,,,,,608.2382511771631,8.322662E-6,701.495883545527,5.485492E-5,0.0012281241,-0.0050657867
123.80905920779333,0.0015312878,728,7156182.0,69.06559,12969.526,3.558116,7159028.0,68.56444,0,,,,,608.2382917058279,8.32484E-6,701.4963634940781,5.4843953E-5,9.96167E-4,-0.0044565434
123.82949385867687,0.0015322387,729,7155860.0,69.06406,12968.226,3.5598187,7158673.0,68.74662,0,,,,,608.2383556605727,8.323542E-6,701.4959796105757,5.485071E-5,0.0012064555,-0.004860114
123.84992830932606,0.0015331893,730,7156117.0,69.06492,12997.392,3.554853,7158950.0,68.66637,128,,,,,608.2379254093609,8.324243E-6,701.4961207428726,5.4846703E-5,7.114008E-4,-0.0044583655
123.87036285985232,0.0015341399,731,7155554.5,69.06237,12987.989,3.553644,7158430.5,68.69538,0,,,,,608.2378451405754,8.3250625E-6,701.4968005057655,5.4845106E-5,5.7536585E-4,-0.003847992
123.89079751038662,0.0015350904,732,7155639.5,69.06272,12987.085,3.5577881,7158518.0,68.68825,0,,,,,608.23799362365,8.32412E-6,701.4966073968249,5.4847667E-5,7.667706E-4,-0.0038484477
123.91123206079646,0.0015360408,733,7155995.5,69.06429,12988.871,3.5562859,7158893.5,68.71057,0,,,,,608.2381272197333,8.3243685E-6,701.4964083646728,5.4846027E-5,9.347982E-4,-0.0038237523
123.93166651109641,0.0015369911,734,7155877.5,69.06392,12980.387,3.560071,7158767.5,68.676926,0,,,,,608.2380425069894,8.32432E-6,701.4964973348224,5.484654E-5,8.3212E-4,-0.0039732503
123.95210106139712,0.0015379414,735,7155616.0,69.06253,12977.306,3.556054,7158517.5,68.740974,128,,,,,608.237934918355,8.324051E-6,701.4964606525822,5.4848297E-5,7.652992E-4,-0.0041243536
123.97253571157489,0.0015388916,736,7155548.0,69.06241,12967.722,3.557231,7158460.5,68.71482,0,,,,,608.2379255764824,8.3253035E-6,701.4967809580626,5.4844706E-5,6.4467173E-4,-0.0036774976
123.99297016152559,0.0015398415,737,7155829.5,69.06365,12979.487,3.5541878,7158761.5,68.69187,0,,,,,608.2378059130098,8.32502E-6,701.4967062719973,5.4843847E-5,5.499587E-4,-0.00364229
124.01340471159347,0.0015407916,738,7155648.0,69.06327,12974.462,3.558514,7158577.0,68.68967,128,,,,,608.2382301542016,8.32449E-6,701.4966774297313,5.484836E-5,0.0011077167,-0.0034893202
124.033839361422,0.0015417414,739,7155718.0,69.062874,12986.77,3.5550866,7158698.5,68.41566,0,,,,,608.2384740356471,8.325669E-6,701.497323777179,5.4841355E-5,0.0011419902,-0.0030608915
124.05427381113986,0.0015426911,740,7155196.0,69.06106,12982.51,3.5599966,7158095.0,68.79924,0,,,,,608.2383874416628,8.323908E-6,701.4970520151737,5.4850207E-5,0.0012986916,-0.003273522
124.0747083608585,0.0015436409,741,7155770.0,69.06339,12964.155,3.5546775,7158733.5,68.61244,0,,,,,608.2385235418418,8.325288E-6,701.497253070575,5.484253E-5,0.0012183032,-0.0029328703
124.09514291046071,0.0015445905,742,7154970.5,69.0594,12955.312,3.5561123,7157911.0,68.696236,0,,,,,608.2382130636468,8.324649E-6,701.4971029339652,5.4848217E-5,0.0010271746,-0.003608575
124.11557746005565,0.00154554,743,7155020.5,69.06012,12973.509,3.5575483,7157966.5,68.753815,0,,,,,608.2383035501072,8.324761E-6,701.4972857967131,5.484801E-5,0.001112437,-0.0031603787
124.13601200942503,0.0015464894,744,7155312.5,69.060974,12967.485,3.5556145,7158280.5,68.70351,0,,,,,608.2379411334301,8.325545E-6,701.4973723829785,5.4841534E-5,6.2574726E-4,-0.0031867197
124.15644655878714,0.0015474388,745,7155278.5,69.06135,12977.013,3.5573692,7158222.5,68.85381,0,,,,,608.2380219865112,8.3250725E-6,701.4971683036221,5.484663E-5,8.239192E-4,-0.0030113591
124.17688120804087,0.001548388,746,7155242.0,69.06063,12980.377,3.5541165,7158233.0,68.58405,0,,,,,608.2382802194682,8.325862E-6,701.4974663559723,5.4842174E-5,9.7443926E-4,-0.003093556
124.19731565717666,0.0015493372,747,7154963.5,69.05934,12971.158,3.5546713,7157932.5,68.73571,0,,,,,608.2378571052529,8.325458E-6,701.4974366318552,5.4843807E-5,5.7661417E-4,-0.0029644554
124.2177502061968,0.0015502862,748,7155204.0,69.060814,12991.37,3.5546246,7158145.5,68.80698,128,,,,,608.2383412045035,8.324909E-6,701.4971427544074,5.48465E-5,0.0011514116,-0.003330328
124.23818475520966,0.0015512352,749,7154940.5,69.059074,12974.489,3.5549448,7157908.0,68.81206,8192,,,,,608.2380796029312,8.325612E-6,701.4972650189245,5.4844368E-5,8.161702E-4,-0.0033309273
124.25861930411338,0.0015521841,750,7155364.5,69.06207,12971.553,3.5560343,7158339.5,68.85254,0,,,,,608.2374707596143,8.3258265E-6,701.4969229479268,5.4843098E-5,1.4632061E-4,-0.0034721813
124.27905385289341,0.0015531329,751,7154794.0,69.05959,12977.11,3.5568423,7157744.0,68.89276,128,,,,,608.2375373634826,8.324916E-6,701.4969444367616,5.4848908E-5,3.427778E-4,-0.0033740124
124.2994884015643,0.0015540816,752,7155029.0,69.06058,12977.835,3.5577278,7158016.5,68.847755,0,,,,,608.2373609445284,8.3262175E-6,701.4973031193457,5.4840744E-5,-3.1736836E-5,-0.003329416
124.31992305011954,0.0015550301,753,7154979.0,69.05984,12974.759,3.5575824,7157945.0,68.88231,128,,,,,608.2378373638323,8.324776E-6,701.4971969097553,5.484955E-5,6.8285194E-4,-0.00296976
124.34035749867326,0.0015559787,754,7154622.5,69.05796,12999.475,3.5567489,7157646.5,68.765274,0,,,,,608.2381248422066,8.326106E-6,701.4983452098547,5.4840584E-5,8.292667E-4,-0.00208423
124.36079204710404,0.0015569271,755,7154736.0,69.05907,12986.297,3.5580385,7157740.0,68.84871,0,,,,,608.2376696513211,8.325983E-6,701.4980576783241,5.4841435E-5,3.4143045E-4,-0.0021057192
124.38122659542569,0.0015578754,756,7154516.5,69.05764,12978.352,3.55749,7157507.5,68.893974,0,,,,,608.2373389073568,8.325577E-6,701.4979955298793,5.48436E-5,9.050604E-5,-0.0019101326
124.40166114362364,0.0015588236,757,7155203.5,69.06124,12985.396,3.5630248,7158249.5,68.842926,8192,,,,,608.2371414080066,8.326972E-6,701.498191251621,5.483485E-5,-3.4603148E-4,-0.0014058382
124.42209569171246,0.0015597717,758,7155097.5,69.06056,12980.061,3.5541606,7158123.0,68.78695,0,,,,,608.2368656444813,8.325217E-6,701.4975394341469,5.4843687E-5,-3.9542856E-4,-0.0018138181
124.44253023980127,0.0015607198,759,7155418.0,69.061516,12982.676,3.5523453,7158476.5,68.76248,0,,,,,608.2372235609175,8.327227E-6,701.4979555563295,5.4835167E-5,-2.104392E-4,-0.0015164292
124.46296488776716,0.0015616678,760,7154744.0,69.05867,12991.823,3.5569863,7157754.5,68.91895,0,,,,,608.2373510094683,8.326017E-6,701.4981639073891,5.4840784E-5,1.6452936E-5,-0.0014789051
124.48339933562238,0.0015626156,761,7155135.5,69.06064,12986.736,3.556995,7158172.5,68.835915,128,,,,,608.2372448754678,8.3259E-6,701.497884390882,5.4840362E-5,-7.230188E-5,-0.0016183255
124.50383388336195,0.0015635634,762,7155010.0,69.05989,12987.322,3.557651,7158051.5,68.88276,0,,,,,608.2374676771917,8.326391E-6,701.4980273101977,5.483922E-5,1.0441E-4,-0.0014173549
124.52426833110076,0.0015645111,763,7155056.5,69.06027,12983.316,3.5580409,7158093.5,68.873146,8192,,,,,608.2371117005498,8.326181E-6,701.4977933659551,5.483995E-5,-2.2649548E-4,-0.0016976971
124.54470297860098,0.0015654586,764,7155340.0,69.061806,12998.116,3.556349,7158375.0,68.88568,0,,,,,608.2370243902619,8.326267E-6,701.4976082143928,5.4840148E-5,-3.3647244E-4,-0.0017865517
124.56513752610772,0.0015664061,765,7155161.0,69.06081,12992.4,3.5580199,7158219.5,68.91328,0,,,,,608.2371667322244,8.327122E-6,701.4977980554959,5.4838212E-5,-2.6289502E-4,-0.0018098808
124.58557197349728,0.0015673535,766,7155108.0,69.06063,12977.276,3.5560412,7158158.0,68.870804,0,,,,,608.2371752361719,8.326177E-6,701.4976313989752,5.484169E-5,-1.4207234E-4,-0.0017573945
124.60600662088109,0.0015683009,767,7155248.5,69.06084,12983.221,3.5569768,7158307.0,68.8911,0,,,,,608.2374611720826,8.3265095E-6,701.497648424673,5.4839085E-5,1.0231677E-4,-0.0017920901
124.62644116803858,0.001569248,768,7155298.0,69.06152,12980.629,3.5557175,7158360.0,68.91662,0,,,,,608.2377670139177,8.32693E-6,701.497776055615,5.483864E-5,3.7784208E-4,-0.0018478557
124.6468757151888,0.0015701952,769,7155042.0,69.059875,12979.216,3.55459,7158069.5,68.90047,0,,,,,608.2378326585492,8.325173E-6,701.4972563168355,5.4846772E-5,6.456851E-4,-0.0022739777
124.66731016222911,0.0015711422,770,7155586.5,69.06272,12964.174,3.556998,7158649.0,68.91308,8192,,,,,608.2379270601506,8.326903E-6,701.4978567776527,5.4835964E-5,5.1112246E-4,-0.0016814951
124.68774480915454,0.0015720892,771,7155132.0,69.06101,12969.57,3.5556848,7158163.0,68.9264,0,,,,,608.2375857605606,8.325442E-6,701.4970189739253,5.4846336E-5,3.4414013E-4,-0.0026322997
124.70817935596278,0.001573036,772,7155148.0,69.06043,12968.683,3.5537007,7158224.5,68.90244,0,,,,,608.23781956208,8.3266295E-6,701.4977578456729,5.483981E-5,4.5194564E-4,-0.0018944565
124.72861380264658,0.0015739826,773,7155227.5,69.06089,12964.756,3.5532115,7158316.5,68.892365,0,,,,,608.237649259637,8.326366E-6,701.4975306542483,5.484032E-5,3.20114E-4,-0.002058529
124.74904844933917,0.0015749293,774,7155087.0,69.06017,12969.631,3.5588493,7158147.0,68.849205,0,,,,,608.237755355032,8.325303E-6,701.4973787369674,5.484561E-5,5.1876024E-4,-0.001929021
124.76948299590731,0.0015758759,775,7155512.0,69.06234,12972.783,3.5558293,7158629.5,68.87946,0,,,,,608.237731516712,8.327185E-6,701.4976288881835,5.483682E-5,2.8308269E-4,-0.001685159
124.78991744236555,0.0015768224,776,7155099.0,69.06075,12978.367,3.5565622,7158177.0,68.86266,0,,,,,608.2375658100756,8.326516E-6,701.4974133807166,5.4844066E-5,3.0219968E-4,-0.0019263675
124.81035198870813,0.0015777687,777,7155545.5,69.0628,12993.246,3.5569656,7158640.0,68.94795,128,,,,,608.237613706644,8.326912E-6,701.4974525026952,5.483876E-5,2.2630721E-4,-0.0018906175
124.83078663505148,0.001578715,778,7155504.5,69.062706,13004.035,3.5553498,7158588.0,68.88545,128,,,,,608.2377707986483,8.326202E-6,701.4971889298632,5.4842778E-5,4.8648615E-4,-0.0019834337
124.8512210811532,0.0015796612,779,7155279.0,69.06186,13011.063,3.558251,7158352.0,68.8418,0,,,,,608.2377062670352,8.326115E-6,701.4973368209863,5.4843407E-5,4.278614E-4,-0.0019270367
124.87165562726295,0.0015806073,780,7155376.5,69.06185,12992.9795,3.5557022,7158496.5,68.90342,0,,,,,608.2378658130176,8.326701E-6,701.4975319102871,5.4839737E-5,4.966385E-4,-0.0017527126
124.89209017325629,0.0015815533,781,7155182.5,69.06051,12986.159,3.5551753,7158308.5,68.812614,0,,,,,608.237452823581,8.326641E-6,701.4976833369167,5.4839493E-5,1.0166988E-4,-0.0014569381
124.9125248191267,0.0015824991,782,7155115.0,69.060486,12979.884,3.5573716,7158235.5,68.88852,0,,,,,608.2373835337246,8.32638E-6,701.4973929855615,5.484207E-5,5.858687E-5,-0.001981701
124.93295926488645,0.0015834449,783,7155448.5,69.0619,12977.624,3.5554404,7158585.5,68.92557,0,,,,,608.2373654407286,8.327076E-6,701.4974583607027,5.4837783E-5,-1.3857879E-5,-0.001600915
124.95339381064696,0.0015843906,784,7155495.5,69.06259,12975.593,3.554541,7158630.0,68.91536,128,,,,,608.2375366927326,8.3262075E-6,701.4972932730662,5.4841417E-5,1.8917219E-4,-0.0018454144
124.97382845628454,0.0015853363,785,7154993.5,69.059685,12960.682,3.5583334,7158118.5,68.88329,0,,,,,608.2374806929083,8.326861E-6,701.4977956197898,5.4839733E-5,1.2334263E-4,-0.0013098399
124.99426290181145,0.0015862818,786,7155390.5,69.06211,12950.286,3.5585146,7158523.5,68.91147,0,,,,,608.2379481474893,8.327239E-6,701.4979661287649,5.4836324E-5,5.5753347E-4,-0.0010482996
125.01469744722272,0.0015872272,787,7155036.0,69.06008,12957.1,3.5571325,7158141.0,68.82305,0,,,,,608.2372855682929,8.326038E-6,701.4974149254623,5.4843353E-5,1.4930375E-5,-0.0015712436
125.03513189250953,0.0015881725,788,7155498.0,69.06254,12961.499,3.554548,7158645.0,68.89407,128,,,,,608.2377372369639,8.32775E-6,701.4978660222375,5.4834756E-5,2.8582217E-4,-0.0010991708
125.05556653768872,0.0015891177,789,7154983.0,69.059425,12967.944,3.5538137,7158118.0,68.87183,0,,,,,608.2374555446262,8.326492E-6,701.4976685331035,5.4841217E-5,1.3232282E-4,-0.0013296871
125.07600108286715,0.0015900629,790,7155097.5,69.06132,13075.012,3.5583122,,,192,,,,,608.2376856745676,8.329495E-6,701.4980110052829,5.4841916E-5,,
125.09643562792189,0.0015910079,791,7155395.0,69.062126,12943.714,3.5541177,7158552.5,68.871666,128,,,,,608.2379101113371,8.327548E-6,701.4980093857773,5.483636E-5,4.8803745E-4,-9.316735E-4
125.1168701728675,0.0015919529,792,7154857.0,69.05884,12952.989,3.5548975,7157959.5,68.69525,128,,,,,608.2374682814068,8.32617E-6,701.4978458456435,5.484214E-5,2.1943265E-4,-9.1828324E-4
125.13730471769668,0.0015928977,793,7155501.5,69.06207,12953.138,3.5568397,7158683.5,68.957466,0,,,,,608.2370935888271,8.3282675E-6,701.4979186323513,5.483197E-5,-4.336951E-4,-8.051612E-4
125.15773926240217,0.0015938424,794,7155233.5,69.06076,12952.8125,3.5501294,7158366.0,68.83588,0,,,,,608.2369978101316,8.326584E-6,701.4975004360125,5.484035E-5,-3.5794373E-4,-0.0010421474
125.17817370711418,0.0015947871,795,7155000.5,69.05993,12934.234,3.556503,7158167.0,68.87255,0,,,,,608.2376149062211,8.327414E-6,701.4981629878711,5.4836943E-5,2.23026E-4,-6.2011264E-4
125.19860835159488,0.0015957316,796,7155138.0,69.06043,12933.067,3.55522,7158349.5,68.92174,128,,,,,608.2375211512915,8.327645E-6,701.4982432940568,5.483522E-5,8.580597E-5,-4.2621425E-4
125.21904289606755,0.0015966761,797,7155109.5,69.06003,12952.069,3.5550194,7158276.0,68.84703,8192,,,,,608.237539976377,8.326554E-6,701.4977360123978,5.484094E-5,2.3625472E-4,-8.065217E-4
125.23947734043031,0.0015976204,798,7155698.5,69.06282,12960.256,3.554304,7158927.5,68.907234,0,,,,,608.2375191347966,8.328023E-6,701.4978575736412,5.4832577E-5,6.0001794E-6,-5.4798793E-4
125.25991198467818,0.0015985647,799,7155233.5,69.060814,12957.284,3.5562685,7158440.5,68.84087,0,,,,,608.2371638177879,8.327019E-6,701.4977324243915,5.4837867E-5,-1.8863381E-4,-6.5903756E-4
125.28034652891802,0.0015995089,800,7155322.0,69.06124,12942.526,3.5572228,7158542.5,68.836525,0,,,,,608.2371627986458,8.327581E-6,701.4979703972828,5.4834698E-5,-2.699279E-4,-4.6534333E-4
125.30078097293153,0.0016004529,801,7155270.0,69.06094,12935.508,3.5587234,7158490.0,68.83161,0,,,,,608.237165320102,8.327522E-6,701.4978415021764,5.483549E-5,-2.8059978E-4,-4.8863917E-4
125.32121551694581,0.001601397,802,7155611.5,69.06228,12929.883,3.5557826,7158806.5,68.8138,0,,,,,608.2371976179259,8.3269815E-6,701.497687572871,5.4835356E-5,-1.9803844E-4,-3.6756572E-4
125.34165016083716,0.0016023408,803,7155148.0,69.06034,12945.598,3.5532014,7158359.0,68.84916,128,,,,,608.2368800717509,8.328112E-6,701.4982318465887,5.4833083E-5,-5.641669E-4,-1.06063795E-4
125.36208460461785,0.0016032846,804,7155332.0,69.06154,12943.665,3.5555995,7158530.5,68.82682,0,,,,,608.2372339296032,8.327823E-6,701.4978472207604,5.4835265E-5,-1.95431E-4,-2.9513112E-4
125.38251914828288,0.0016042283,805,7155160.5,69.06041,12938.328,3.5541613,7158366.5,68.597694,0,,,,,608.2373742175512,8.3277155E-6,701.4981921279335,5.4835295E-5,0.0,0.0
125.40295379182498,0.0016051718,806,7155196.0,69.060555,12935.5205,3.5524726,7158428.0,68.82324,0,,,,,608.2373733793056,8.328184E-6,701.4981893696887,5.4834076E-5,-4.574266E-5,6.2622625E-5
125.4233883353736,0.0016061154,807,7155388.5,69.061455,12928.144,3.5546389,7158637.5,68.82896,0,,,,,608.2373559632074,8.3277755E-6,701.498069746274,5.483398E-5,-4.23468E-5,-6.9913813E-6
125.44382277880504,0.0016070588,808,7154814.5,69.05911,12927.955,3.5576084,7158050.0,68.759766,0,,,,,608.237238911974,8.327912E-6,701.4980715192862,5.4837277E-5,-1.3902501E-4,-2.3743072E-4
125.46425732199714,0.001608002,809,7155415.5,69.06193,12931.095,3.5578418,7158687.5,68.866745,0,,,,,608.2373094448196,8.3283E-6,701.4982533740515,5.4832206E-5,-1.546211E-4,2.3619548E-4
125.48469196519727,0.0016089452,810,7155078.0,69.06041,12941.786,3.5584564,7158332.5,68.68276,8192,,,,,608.2371639394775,8.327483E-6,701.4980615373923,5.4837044E-5,-1.7610932E-4,1.4148407E-4
125.50512640839588,0.0016098884,811,7155116.0,69.06059,12945.2705,3.5523999,7158407.5,68.78054,0,,,,,608.2369961512716,8.328806E-6,701.4984658971968,5.483122E-5,-4.942932E-4,3.5858803E-4
125.52556095135515,0.0016108314,812,7155217.0,69.06112,12936.35,3.5566466,7158486.0,68.88017,0,,,,,608.2368511603776,8.331555E-6,701.4982860290993,5.4831366E-5,-6.7019154E-4,4.6346683E-4
125.54599559432245,0.0016117743,813,7155125.0,69.06029,12938.408,3.5539384,7158360.5,68.68005,0,,,,,608.237291503065,8.3283585E-6,701.4980197375257,5.4836535E-5,-6.270121E-5,2.3178663E-4
125.5664300370554,0.001612717,814,7155114.5,69.0605,12932.913,3.5557046,7158428.0,68.81302,0,,,,,608.2372752702759,8.329406E-6,701.4988168277281,5.4828426E-5,-2.6565438E-4,9.1484125E-4
125.58686457978183,0.0016136598,815,7155067.5,69.060135,12929.478,3.5573335,7158324.0,68.67574,0,,,,,608.2371706218844,8.327252E-6,701.4980335454583,5.4837874E-5,-1.0506363E-4,4.0612376E-4
125.60729912239913,0.0016146024,816,7154668.0,69.05819,12946.251,3.5513377,7158010.5,68.73834,128,,,,,608.2372948298411,8.329564E-6,701.4989700364767,5.483052E-5,-1.8446935E-4,8.870504E-4
125.6277336649,0.0016155449,817,7154893.5,69.05936,12943.601,3.5567262,7158206.0,68.718216,0,,,,,608.2372537668275,8.328708E-6,701.498665413784,5.483268E-5,-1.8957257E-4,8.745811E-4
125.64816830739437,0.0016164874,818,7154566.5,69.05786,12951.251,3.5564773,7157905.5,68.75828,0,,,,,608.2375583318835,8.3282275E-6,701.4985575177832,5.4837106E-5,2.3936943E-4,7.133521E-4
125.66860274966166,0.0016174297,819,7155020.0,69.05984,12944.806,3.554257,7158404.5,68.756615,0,,,,,608.2374168694473,8.329852E-6,701.4989194569283,5.4827702E-5,-1.4011962E-4,9.0178876E-4
125.68903739193047,0.0016183719,820,7154616.0,69.05838,12930.121,3.5555348,7157932.0,68.60635,0,,,,,608.2368934014263,8.327831E-6,701.4977248427049,5.4840093E-5,-3.9368425E-4,-3.343585E-4
125.70947193395841,0.001619314,821,7154794.5,69.059006,12943.922,3.553048,7158140.0,68.887314,0,,,,,608.2368849060655,8.3298355E-6,701.4985762981148,5.482951E-5,-6.4936397E-4,4.4762008E-4
125.72990637599287,0.001620256,822,7155025.5,69.05973,12944.684,3.55224,7158389.5,68.68932,0,,,,,608.2374267518074,8.328722E-6,701.4981477851801,5.4833603E-5,1.4621749E-5,1.3304743E-5
125.75034091791167,0.0016211979,823,7155107.5,69.06029,12930.259,3.5568645,7158458.5,68.693054,128,,,,,608.2372307257833,8.3282E-6,701.497781678855,5.4836506E-5,-1.1887675E-4,-6.126819E-5
125.77077555970754,0.0016221397,824,7155240.0,69.061035,12935.06,3.5567846,7158601.0,68.83541,0,,,,,608.2371877429404,8.329882E-6,701.4984218709407,5.48282E-5,-3.4322235E-4,6.8863225E-4
125.79121000150917,0.0016230815,825,7154644.5,69.058304,12935.046,3.5569527,7157950.5,68.69797,8320,,,,,608.2372068478891,8.328419E-6,701.4980654530802,5.483775E-5,-1.1675365E-4,2.737201E-4
125.81164454307873,0.0016240231,826,7155200.0,69.06073,12926.829,3.5554101,7158550.0,68.8961,0,,,,,608.2372330517242,8.329706E-6,701.498521235798,5.4828626E-5,-2.911527E-4,8.814133E-4
125.83207918464177,0.0016249646,827,7154933.0,69.05943,12938.858,3.555723,7158286.0,68.804886,0,,,,,608.2373148860595,8.329036E-6,701.4982507507267,5.4833097E-5,-8.796468E-5,6.309014E-4
125.85251362597774,0.001625906,828,7154630.0,69.05798,12935.707,3.553572,7157975.0,68.786514,0,,,,,608.2375611014829,8.3286595E-6,701.4982590665635,5.4836473E-5,2.459346E-4,3.6204632E-4
125.87294816731446,0.0016268473,829,7154730.0,69.05894,12919.6045,3.5597556,7158108.5,68.90901,0,,,,,608.2372799794301,8.330195E-6,701.4988355467132,5.482871E-5,-2.2184779E-4,0.0010267402
125.8933827085275,0.0016277885,830,7155022.5,69.06004,12941.05,3.554021,7158354.0,68.75608,0,,,,,608.2368742457832,8.32871E-6,701.4980122099889,5.483462E-5,-5.186075E-4,5.827686E-4
125.91381724974781,0.0016287297,831,7155078.5,69.06028,12919.153,3.5572405,7158463.5,68.88159,0,,,,,608.2370426942556,8.329995E-6,701.498581192227,5.48284E-5,-4.7156034E-4,0.0011862766
125.93425179073529,0.0016296707,832,7155192.0,69.060524,12925.063,3.5547366,7158549.0,68.8584,0,,,,,608.2372792162523,8.329454E-6,701.4982400393827,5.4831064E-5,-1.6185589E-4,9.370077E-4
125.95468633159908,0.0016306116,833,7154668.0,69.05851,12916.678,3.5568867,7158029.5,68.78241,0,,,,,608.2369928904398,8.329269E-6,701.4985188117607,5.4833512E-5,-4.0645062E-4,0.001169164
125.9751209724709,0.0016315525,834,7154816.0,69.05926,12917.791,3.555995,7158219.5,68.899414,0,,,,,608.2368075816486,8.330642E-6,701.4990667387395,5.4826174E-5,-7.349647E-4,0.001758227
125.99555541322479,0.0016324932,835,7154491.0,69.05726,12918.455,3.5568519,7157852.0,68.77685,0,,,,,608.2366128912012,8.32969E-6,701.4988506089928,5.4830667E-5,-8.350798E-4,0.0015690007
126.01598995385575,0.0016334339,836,7154854.5,69.05943,12926.736,3.5535796,7158251.0,68.88597,0,,,,,608.2368456822089,8.330515E-6,701.4990087135973,5.4827182E-5,-6.797621E-4,0.0018969183
126.0364243942604,0.0016343743,837,7154973.5,69.05986,12912.979,3.5556805,7158366.0,68.839516,0,,,,,608.2362860002656,8.330539E-6,701.4988616325824,5.4826753E-5,-0.0012523197,0.0020702798
126.05685903478297,0.0016353148,838,7154991.0,69.05982,12899.443,3.554518,7158391.5,68.883865,0,,,,,608.2360338951432,8.3301775E-6,701.498928922469,5.48262E-5,-0.0014942312,0.0023422355
126.07729357506469,0.0016362551,839,7154721.5,69.0587,12908.104,3.5548418,7158147.5,68.861885,8192,,,,,608.236116580538,8.331364E-6,701.4994035838026,5.482338E-5,-0.0014644429,0.0026863192
126.0977280152365,0.0016371952,840,7154240.5,69.056694,12917.241,3.5587153,7157653.5,68.83755,0,,,,,608.2361027569393,8.331077E-6,701.4997870138895,5.4824966E-5,-0.0014340356,0.0031236515
126.11816265540983,0.0016381354,841,7154682.5,69.058266,12927.523,3.554433,7158106.0,68.86292,0,,,,,608.2363066291092,8.330907E-6,701.4993184303408,5.4825123E-5,-0.0012421713,0.00295097
126.13859719545871,0.0016390755,842,7154949.5,69.059784,12925.882,3.5539708,7158379.5,68.85636,0,,,,,608.2359159558279,8.331092E-6,701.4991638914819,5.482433E-5,-0.0016745406,0.002928512
126.15903173528204,0.0016400153,843,7154687.0,69.05873,12883.516,3.5614336,7158127.5,68.849556,0,,,,,608.2357428508612,8.3310715E-6,701.4994689145755,5.482395E-5,-0.0018030059,0.0032808776
126.17946617510461,0.0016409551,844,7154821.0,69.059235,12916.808,3.5553071,7158297.0,68.93422,0,,,,,608.235780004741,8.331571E-6,701.4996475654564,5.4821292E-5,-0.0018432128,0.0034658383
126.19990081492142,0.0016418949,845,7155025.0,69.06001,12917.697,3.5539002,7158494.0,68.923836,0,,,,,608.236098908826,8.33124E-6,701.4994191570551,5.482354E-5,-0.0014861207,0.003431165
126.22033535451192,0.0016428345,846,7154636.5,69.058304,12926.124,3.5525427,7158096.0,68.944145,0,,,,,608.2360703991815,8.331466E-6,701.4998825559551,5.4822245E-5,-0.0014968748,0.003616098
126.24076979398524,0.001643774,847,7154899.5,69.059746,12900.164,3.556828,7158363.0,68.88138,0,,,,,608.235952083125,8.331702E-6,701.4995419216968,5.482172E-5,-0.0016553225,0.0034435664
126.26120443333639,0.0016447133,848,,,,,,,32800,,,,,,,,,,
126.28163897269405,0.0016456527,849,7154785.5,69.05909,12931.627,3.556495,7158265.5,68.93206,0,,,,,608.2358161391526,8.3320365E-6,701.4991914461768,5.4821594E-5,-0.00181177,0.0027361
126.30207341193454,0.0016465919,850,7154721.5,69.05885,12931.016,3.555949,7158183.5,68.88579,0,,,,,608.2356893682634,8.332078E-6,701.4990321013562,5.4822987E-5,-0.0019253416,0.002562652
126.3225079510521,0.001647531,851,7154629.0,69.058395,12936.261,3.555082,7158098.5,68.90984,0,,,,,608.2361033173482,8.33196E-6,701.4990050592161,5.482411E-5,-0.0014676107,0.002305552
126.34294259006128,0.0016484701,852,7154673.5,69.05841,12932.616,3.5546165,7158148.0,68.961365,0,,,,,608.2364166090786,8.331878E-6,701.4989038394909,5.4825054E-5,-0.0011605965,0.0024329142
126.36337702895253,0.001649409,853,7154600.0,69.05834,12934.14,3.5561152,7158065.0,68.930984,0,,,,,608.2357234956356,8.332294E-6,701.4987836862701,5.4824162E-5,-0.0018568727,0.0022297848
126.38381156772084,0.0016503477,854,7155139.5,69.06068,12924.192,3.5577843,7158644.5,68.954704,0,,,,,608.2356177663212,8.332406E-6,701.4985120662171,5.4821594E-5,-0.0020322904,0.0024117818
126.40424620638078,0.0016512864,855,7154913.5,69.05986,12925.2,3.5524943,7158410.0,68.97069,8192,,,,,608.235272310067,8.333026E-6,701.4986738860388,5.4821397E-5,-0.0023688897,0.0025661904
126.42468074503995,0.001652225,856,7154867.5,69.059326,12912.496,3.5580232,7158365.0,68.98986,8192,,,,,608.2357012901839,8.33254E-6,701.4987124095339,5.4821954E-5,-0.0019199486,0.0026546957
126.44511518345826,0.0016531635,857,7154912.5,69.059715,12908.587,3.5572677,7158412.5,68.949265,128,,,,,608.2358030644325,8.332899E-6,701.4989200707491,5.482121E-5,-0.0018119018,0.0030967745
126.4655497218846,0.0016541019,858,7154533.0,69.05795,12945.98,3.5551488,7158052.5,68.96375,8192,,,,,608.2355126184378,8.3333925E-6,701.4991151044953,5.4821E-5,-0.0021222217,0.0030857192
126.48598436019529,0.0016550402,859,7154970.5,69.05977,12945.097,3.5546951,7158504.5,68.99272,0,,,,,608.2357243493462,8.333162E-6,701.4988278921629,5.4821445E-5,-0.0018844637,0.0031627044
126.50641879838076,0.0016559784,860,7154464.5,69.058075,12964.709,3.5575259,7158003.0,68.992226,8192,,,,,608.2354378663109,8.334275E-6,701.4990935997932,5.4820197E-5,-0.0022084152,0.0032015147
126.52685333645786,0.0016569165,861,7154360.5,69.05736,12949.597,3.557983,7157920.0,68.96875,0,,,,,608.23594388415,8.333982E-6,701.4995378596727,5.4821536E-5,-0.0016230504,0.0038001726
126.54728777441778,0.0016578544,862,7154543.0,69.05865,12948.038,3.558711,7158112.0,69.02596,8320,,,,,608.2356966785836,8.336373E-6,701.4993547034443,5.4820608E-5,-0.0018314789,0.0038555132
126.56772241225553,0.0016587923,863,7154108.5,69.05599,12959.772,3.5573347,7157674.5,69.029305,0,,,,,608.2357618836297,8.334016E-6,701.4995891635307,5.4820062E-5,-0.0018483973,0.0036840441
126.58815694998339,0.00165973,864,7154668.0,69.05843,12966.148,3.5567513,7158250.0,69.02233,0,,,,,608.2355309947204,8.333488E-6,701.4991261894445,5.482136E-5,-0.002071648,0.0037793852
126.60859148771124,0.0016606677,865,7154591.5,69.05816,12958.032,3.5568633,7158191.0,69.06874,0,,,,,608.2356307196856,8.334215E-6,701.4992892118145,5.4818356E-5,-0.002027712,0.0037699118
126.62902602519898,0.0016616052,866,7154463.0,69.05754,12962.775,3.5564477,7158041.5,69.02278,0,,,,,608.2354455607577,8.334178E-6,701.4992292981548,5.4820674E-5,-0.0021544504,0.0036897964
126.649460562694,0.0016625427,867,7154076.5,69.05575,12950.514,3.5530868,7157698.0,69.053635,128,,,,,608.2351858832732,8.334706E-6,701.4993416078762,5.4820634E-5,-0.0024362027,0.003928851
126.66989510007261,0.0016634801,868,7154277.0,69.05687,12960.146,3.5547657,7157877.0,68.95873,0,,,,,608.2344104020495,8.335086E-6,701.4991242970384,5.4817137E-5,-0.0033188262,0.0034430977
126.69032953733404,0.0016644173,869,7154014.0,69.055405,12952.83,3.5539398,7157597.0,68.99521,0,,,,,608.2346432492787,8.33469E-6,701.4992074208658,5.482038E-5,-0.002981609,0.0035694046
126.7107641744733,0.0016653545,870,7154460.0,69.05731,12957.483,3.5566256,7158071.0,69.02631,0,,,,,608.235125067665,8.335232E-6,701.4994630255641,5.481535E-5,-0.0025961387,0.0041513625
126.73119871150266,0.0016662915,871,7154052.5,69.05572,12959.447,3.5564365,7157668.0,69.073746,128,,,,,608.2353477323027,8.334873E-6,701.4994049156669,5.4819095E-5,-0.0022528346,0.0037520854
126.75163314840756,0.0016672284,872,7154096.5,69.05568,12943.404,3.556322,7157709.0,69.05607,0,,,,,608.2350731095088,8.334944E-6,701.4993856334568,5.4819346E-5,-0.0025711707,0.0040706284
126.77206778532127,0.0016681653,873,7154168.0,69.05606,12957.647,3.5544224,7157816.5,69.040436,128,,,,,608.2349055634763,8.335525E-6,701.4995040036981,5.481621E-5,-0.002814912,0.0039565354
126.79250232200138,0.001669102,874,7154940.5,69.05925,12949.3545,3.5573938,7158559.0,69.04803,128,,,,,608.2344638767348,8.335471E-6,701.4984314259851,5.4818596E-5,-0.0031339626,0.0037123095
126.81293675868073,0.0016700387,875,7154298.0,69.056244,12971.15,3.5537255,7157964.0,69.08472,0,,,,,608.2347136879996,8.335717E-6,701.4993421998843,5.4814842E-5,-0.0029971246,0.0039770287
126.83337129512074,0.0016709751,876,7154479.0,69.05788,12956.853,3.5530546,7158118.5,69.05461,0,,,,,608.2349398994263,8.3352015E-6,701.4990744466,5.4817727E-5,-0.0027180063,0.0038466672
126.85380593156879,0.0016719116,877,7154358.5,69.0566,12936.53,3.5579486,7158001.5,69.067,8320,,,,,608.2346788668158,8.335401E-6,701.4991902256088,5.4816977E-5,-0.0029882153,0.0040982943
126.87424036789162,0.0016728479,878,7154571.0,69.057846,12945.496,3.5517626,7158211.0,69.05256,0,,,,,608.234791167491,8.335787E-6,701.4993145327538,5.4814147E-5,-0.0029221266,0.0042318595
126.89467490410607,0.0016737841,879,7154285.0,69.05603,12972.839,3.5513,7157886.5,69.00115,0,,,,,608.2346276562089,8.335085E-6,701.4991291938359,5.4819106E-5,-0.0030062178,0.004026641
126.91510954020487,0.0016747202,880,7154625.5,69.057686,12958.32,3.5519783,7158266.5,69.043175,128,,,,,608.234801346023,8.3359555E-6,701.4993036240546,5.4813176E-5,-0.0029242416,0.0043646363
126.93554407617921,0.0016756562,881,7154397.5,69.05655,12954.848,3.5587711,7158005.0,68.97744,128,,,,,608.2346241902729,8.335922E-6,701.4992117084664,5.481647E-5,-0.0030498258,0.004124196
126.95597851216007,0.0016765922,882,7154351.0,69.05643,12963.124,3.5538876,7157975.0,69.05795,128,,,,,608.2344295401857,8.33561E-6,701.4990933512966,5.4816686E-5,-0.0032634158,0.003906462
126.97641304790886,0.0016775279,883,7154616.0,69.057785,12969.984,3.5577025,7158263.5,69.04343,0,,,,,608.2344489505512,8.336079E-6,701.4992118993025,5.4813532E-5,-0.0033060615,0.0042457306
126.99684768353472,0.0016784635,884,7154059.5,69.05551,12936.031,3.5577009,7157711.0,68.98311,8192,,,,,608.2344475441182,8.335549E-6,701.4993729209431,5.4818112E-5,-0.0031871798,0.0044082687
127.0172822191671,0.0016793992,885,7154340.0,69.05625,12953.254,3.55659,7158055.5,69.00769,8192,,,,,608.2347663796752,8.336123E-6,701.4995635507543,5.4813067E-5,-0.0029926621,0.0045229346
127.0377166546823,0.0016803347,886,7154085.0,69.05552,12967.853,3.55265,7157765.5,68.99498,0,,,,,608.2343480725654,8.336346E-6,701.4999175672749,5.4813132E-5,-0.003407597,0.004845154
127.05815128995891,0.00168127,887,7153811.5,69.05383,12957.679,3.5563574,7157483.5,68.984344,0,,,,,608.2348875912717,8.336035E-6,701.4998320315465,5.481645E-5,-0.0027602871,0.0046584904
127.07858582524204,0.0016822052,888,7153966.5,69.05423,12977.9795,3.5532248,7157666.5,69.050316,0,,,,,608.2346142759383,8.336681E-6,701.4999419911063,5.481251E-5,-0.0031828315,0.004884241
127.099020260408,0.0016831404,889,7153464.0,69.05232,12956.519,3.5553157,7157153.5,68.96607,0,,,,,608.2346112278718,8.335981E-6,701.4996421886827,5.481806E-5,-0.003032496,0.004136054
127.11945479545102,0.0016840755,890,7153581.0,69.0529,12938.806,3.5556324,7157292.5,68.99581,8192,,,,,608.2345734008395,8.336718E-6,701.5000663821719,5.481378E-5,-0.0031452216,0.0046992186
127.13988943038567,0.0016850104,891,7153735.0,69.0535,12956.583,3.556817,7157449.0,69.048874,8320,,,,,608.2348528216236,8.336468E-6,701.5000472890273,5.4814092E-5,-0.0028661191,0.0045879744
127.16032396520313,0.0016859452,892,7153794.5,69.0539,12947.706,3.553324,7157493.0,68.984604,0,,,,,608.2347103517246,8.336002E-6,701.4995502464022,5.4817174E-5,-0.002939578,0.0043730172
127.18075840001256,0.00168688,893,7153569.0,69.05317,12951.119,3.559829,7157306.5,69.03585,128,,,,,608.2347632088234,8.336987E-6,701.5001751724986,5.4812263E-5,-0.0029851715,0.0047411183
127.20119303459796,0.0016878146,894,7153474.5,69.05217,12972.923,3.5548668,7157175.5,69.014915,128,,,,,608.2346528860405,8.335834E-6,701.4995882341465,5.4818927E-5,-0.0029896328,0.0039805
127.22162756906619,0.0016887491,895,7154055.0,69.05527,12965.724,3.5557382,7157781.0,68.995575,0,,,,,608.2343079678234,8.336908E-6,701.4994077519416,5.481347E-5,-0.0034565674,0.0040179836
127.24206200352637,0.0016896835,896,7154036.5,69.05501,12939.513,3.555735,7157751.0,68.98163,0,,,,,608.2344219832113,8.3365685E-6,701.4994200480669,5.4813532E-5,-0.003354233,0.004043248
127.26249653787818,0.0016906179,897,7153728.5,69.05408,12953.504,3.559635,7157414.5,68.94231,128,,,,,608.2342807500727,8.335975E-6,701.4993185793761,5.4817898E-5,-0.0033797196,0.0038874312
127.28293117199792,0.001691552,898,7154004.5,69.055885,12955.635,3.5541549,7157728.5,69.022964,128,,,,,608.2339048496585,8.33732E-6,701.499675384322,5.4811266E-5,-0.0039198804,0.0043380475
127.30336560610885,0.0016924861,899,7153634.5,69.05408,12967.279,3.5575166,7157318.5,68.95802,0,,,,,608.234187254828,8.336456E-6,701.4997377436748,5.481615E-5,-0.003499321,0.0045587393
127.32380014011142,0.0016934201,900,7153362.5,69.05308,12951.74,3.5571775,7157071.5,68.96956,128,,,,,608.2342129307658,8.33738E-6,701.50027692706,5.4812783E-5,-0.0035789653,0.004828366
127.34423477399832,0.001694354,901,7153765.5,69.05547,13052.901,3.5593748,7157479.0,69.01053,0,,,,,608.2341317214434,8.337869E-6,701.4999686091132,5.481284E-5,-0.003682783,0.0045831394
127.36466920776002,0.0016952878,902,7153607.5,69.05335,12954.508,3.5555139,7157312.5,69.01374,8192,,,,,608.234275703913,8.336332E-6,701.4996836999321,5.481667E-5,-0.0034358178,0.004451389
127.38510374141333,0.0016962214,903,7153833.0,69.05385,12960.849,3.5537987,7157583.0,69.023834,128,,,,,608.2344241639197,8.337299E-6,701.4999389783549,5.4811542E-5,-0.0033565518,0.0047307545
127.40553827495023,0.001697155,904,7153866.0,69.05394,12950.851,3.5523057,7157578.5,68.96176,0,,,,,608.2346396417773,8.336334E-6,701.4997596497934,5.481532E-5,-0.0030657633,0.0047727306
127.42597280847986,0.0016980885,905,7154154.5,69.0556,12962.026,3.5524273,7157904.5,69.01353,0,,,,,608.2344329380769,8.336805E-6,701.4994837643983,5.4814256E-5,-0.003334303,0.004611067
127.44640734178392,0.0016990218,906,7154232.5,69.05683,12964.241,3.5543978,7157975.0,68.96953,8192,,,,,608.2342120248708,8.336901E-6,701.4994270442521,5.4812426E-5,-0.0035863633,0.0043672044
127.46684187497158,0.001699955,907,7153318.5,69.05281,12949.277,3.5551248,7157051.0,68.920395,0,,,,,608.2338392219392,8.336894E-6,701.4998888475836,5.4815664E-5,-0.0038657854,0.0045030066
127.48727650815272,0.0017008882,908,7153965.5,69.05562,12975.254,3.5544167,7157701.5,68.81015,0,,,,,608.2337387841619,8.337627E-6,701.4996955338798,5.481107E-5,-0.0041100886,0.0044703013
127.50771094110678,0.0017018211,909,7153734.0,69.05403,12949.302,3.5565538,7157477.5,68.926476,0,,,,,608.2342698509888,8.336615E-6,701.4997357277415,5.4814765E-5,-0.0034677205,0.0046075564
127.5281454740616,0.0017027541,910,7153782.5,69.05465,12954.148,3.554955,7157509.0,68.9269,128,,,,,608.2340525495098,8.336968E-6,701.4996115425316,5.4814227E-5,-0.0037027835,0.0046342905
127.54857990689925,0.0017036869,911,7154355.5,69.056435,12967.181,3.5532832,7158108.5,68.93082,0,,,,,608.2343386223885,8.336978E-6,701.4996868984167,5.4810644E-5,-0.0034834868,0.0048906375
127.56901453949831,0.0017046195,912,7153929.0,69.0549,12967.939,3.5554464,7157653.5,68.90861,0,,,,,608.2343891638137,8.336235E-6,701.4996867346435,5.4815377E-5,-0.0032861661,0.004959625
127.58944907210389,0.0017055521,913,7153859.0,69.05434,12976.231,3.5537908,7157601.0,68.87098,0,,,,,608.2341721010002,8.3375135E-6,701.5000910010011,5.4810534E-5,-0.0036539708,0.0051308167
127.60988360458578,0.0017064846,914,7154193.0,69.05832,13208.2,3.5603132,,,192,,,,,608.2339285533692,8.338726E-6,701.4994663910213,5.4816337E-5,,
127.63031813695852,0.001707417,915,7153743.5,69.05576,13067.824,3.5602841,,,192,,,,,608.2338265140296,8.337921E-6,701.4999362208409,5.4814176E-5,,
127.65075266921485,0.0017083492,916,7153870.0,69.05392,12960.198,3.5526483,7157609.5,68.92825,0,,,,,608.2346222035852,8.336951E-6,701.500025829393,5.481225E-5,-0.0031567195,0.005208303
127.6711872013475,0.0017092814,917,7153890.0,69.054504,12956.858,3.5552423,7157641.0,68.92465,128,,,,,608.2346610443738,8.336733E-6,701.500188084285,5.4812626E-5,-0.0030787583,0.005549717
127.69162163348665,0.0017102135,918,7153588.5,69.053276,12968.323,3.5577047,7157354.5,68.88877,0,,,,,608.2344092120559,8.337534E-6,701.5004274944852,5.4811204E-5,-0.0034196067,0.005671426
127.7120562653945,0.0017111454,919,7153510.0,69.05287,12965.126,3.5557346,7157266.5,68.904884,0,,,,,608.2342072300456,8.337388E-6,701.5003554610836,5.4812663E-5,-0.0035655538,0.0054654414
127.73249079717789,0.0017120772,920,7153703.5,69.053505,12953.089,3.555517,7157483.0,68.88019,128,,,,,608.2345676503236,8.337311E-6,701.5003001587568,5.481211E-5,-0.003215963,0.0057641044
127.7529252289678,0.001713009,921,7153407.0,69.052185,12966.177,3.553845,7157199.5,68.88714,0,,,,,608.2341159782283,8.3376335E-6,701.500802263517,5.4810185E-5,-0.0037176283,0.0060430155
127.77335976052564,0.0017139405,922,7153191.0,69.05253,12957.896,3.5584934,7156964.5,68.91991,0,,,,,608.2340393474848,8.338217E-6,701.5011393896442,5.4809538E-5,-0.0037614936,0.0063143144
127.79379439207696,0.0017148721,923,7153274.0,69.051735,12953.632,3.554492,7157069.0,68.90174,0,,,,,608.2342565366428,8.337925E-6,701.5010789555489,5.4809836E-5,-0.003541755,0.006627466
127.81422882340121,0.0017158034,924,7153224.0,69.05257,12954.682,3.556288,7157015.5,68.84906,0,,,,,608.2339692640423,8.337885E-6,701.50110891271,5.480996E-5,-0.003826699,0.006530592
127.83466335472622,0.0017167347,925,7153278.0,69.05272,12955.728,3.5584047,7157085.0,68.873184,0,,,,,608.2340315719687,8.338564E-6,701.5013150536377,5.4806722E-5,-0.0038609493,0.0067655756
127.85509798581188,0.0017176658,926,7153660.0,69.054596,12956.522,3.558631,7157476.5,68.89467,0,,,,,608.2338486984239,8.338055E-6,701.5009540463897,5.4808017E-5,-0.00401422,0.006839865
127.8755324169033,0.0017185969,927,7153807.0,69.05563,12946.808,3.5602312,7157641.5,68.86867,0,,,,,608.2335781847413,8.338338E-6,701.500933663483,5.4806664E-5,-0.0043280367,0.006645461
127.89596694787906,0.0017195279,928,7153609.0,69.054016,12958.085,3.5545955,7157466.5,68.963356,0,,,,,608.2336327631623,8.338306E-6,701.5013110266366,5.4806645E-5,-0.0042290566,0.0073307124
127.91640147873841,0.0017204587,929,7153146.5,69.052,12970.048,3.5533686,7156990.5,68.84468,0,,,,,608.2337406129346,8.338043E-6,701.5014907257156,5.480944E-5,-0.004037983,0.0072306204
127.93683600947406,0.0017213895,930,7153639.5,69.054436,12975.508,3.55628,7157506.0,68.81864,0,,,,,608.2337084959487,8.339247E-6,701.5012252386084,5.4804077E-5,-0.0042674607,0.006929115
127.95727054010058,0.0017223201,931,7153397.5,69.053535,12978.252,3.5560591,7157233.5,68.868195,0,,,,,608.2338337997973,8.338253E-6,701.5010394792438,5.4809683E-5,-0.0039782054,0.0067692236
127.9777050706034,0.0017232506,932,7153416.5,69.053444,12983.878,3.5548868,7157255.5,68.89114,0,,,,,608.2337098819514,8.338412E-6,701.500974105872,5.4809094E-5,-0.004136125,0.0067065186
127.99813970099785,0.001724181,933,7153515.0,69.054085,12971.311,3.5584357,7157363.0,68.86134,0,,,,,608.2333883212266,8.339781E-6,701.5013885827956,5.4804015E-5,-0.004582975,0.007018985
128.01857413127436,0.0017251113,934,7153428.5,69.05303,12989.844,3.5534656,7157252.0,68.71142,0,,,,,608.2334864548429,8.337979E-6,701.5003820356401,5.481208E-5,-0.004318426,0.006238049
128.03900866143522,0.0017260414,935,7154142.5,69.05675,12974.609,3.556522,7158000.0,68.825935,0,,,,,608.233462222509,8.339739E-6,701.5008543980553,5.4802455E-5,-0.004549916,0.0068037184
128.05944309147162,0.0017269715,936,7153684.0,69.05463,13001.132,3.554411,7157523.0,68.873695,128,,,,,608.2334161865823,8.338547E-6,701.5006145778339,5.4808927E-5,-0.004449038,0.0065795975
128.07987772151682,0.0017279015,937,7153282.0,69.05297,13000.267,3.5554972,7157139.5,68.95217,0,,,,,608.2336749935088,8.338456E-6,701.5010795703566,5.48096E-5,-0.004134623,0.0069091264
128.10031225132116,0.0017288313,938,7153975.5,69.05613,12984.023,3.5564225,7157873.5,68.85631,128,,,,,608.2338252729221,8.339857E-6,701.501430459092,5.4800992E-5,-0.0041654985,0.007441524
128.12074678101635,0.001729761,939,7153349.0,69.05325,12960.74,3.5567968,7157200.5,68.91614,0,,,,,608.2337786695314,8.338156E-6,701.501065331877,5.4810727E-5,-0.003995696,0.0073399316
128.14118131071154,0.0017306907,940,7153728.0,69.05476,12954.545,3.5571778,7157621.0,68.85475,8192,,,,,608.2339706177385,8.339283E-6,701.5013399515227,5.480389E-5,-0.003959916,0.0074825822
128.1616158401739,0.0017316202,941,7153847.5,69.055435,12962.373,3.5581276,7157719.0,68.9303,0,,,,,608.2338422390229,8.338914E-6,701.5009850133529,5.4805245E-5,-0.004056119,0.007207437
128.182050369629,0.0017325496,942,7153681.0,69.05415,12950.669,3.557438,7157540.5,68.91086,0,,,,,608.2338608934784,8.337932E-6,701.5007257917129,5.4809778E-5,-0.0039256653,0.006993136
128.20248479885777,0.0017334789,943,7153701.0,69.05405,12961.616,3.5524054,7157622.0,68.82316,0,,,,,608.2341697845845,8.340154E-6,701.5016861879416,5.4800825E-5,-0.003825025,0.0076064663
128.2229194280808,0.0017344081,944,7153411.0,69.05322,12947.854,3.5560558,7157283.5,68.79334,0,,,,,608.2341487709776,8.338077E-6,701.5007907582108,5.481137E-5,-0.0035626844,0.0070536123
128.2433539570775,0.0017353371,945,7153896.0,69.05548,12939.799,3.5560997,7157809.0,68.80654,0,,,,,608.2340125614954,8.339034E-6,701.5009983794532,5.4804717E-5,-0.0038610622,0.0072852816
128.26378838607343,0.0017362661,946,7153897.5,69.05518,12965.389,3.5536454,7157816.0,68.85025,0,,,,,608.2335622341348,8.339764E-6,701.501465324401,5.4800814E-5,-0.0044258037,0.0076855617
128.28422301495448,0.001737195,947,7153629.5,69.05399,12958.131,3.554535,7157492.0,68.77423,0,,,,,608.233117569681,8.338463E-6,701.5007303001577,5.480877E-5,-0.004687393,0.0070408136
128.30465754371107,0.0017381237,948,7153939.5,69.05531,12952.623,3.5544188,7157889.0,68.65952,0,,,,,608.2336299435616,8.340259E-6,701.5013177671415,5.4800457E-5,-0.0043667024,0.007428039
128.32509197224135,0.0017390522,949,7153730.5,69.05433,12952.812,3.555908,7157619.5,68.77087,0,,,,,608.2330503875313,8.339036E-6,701.5008808760975,5.4805325E-5,-0.004849945,0.007217619
128.34552660076588,0.0017399808,950,,,,,,,32800,,,,,,,,,,
128.3659611291805,0.0017409092,951,7154102.5,69.05638,12956.888,3.556048,7158049.0,68.85013,0,,,,,608.233930487566,8.339733E-6,701.5012407560434,5.4800632E-5,-0.004016553,0.00784558
128.38639565747872,0.0017418375,952,7153595.5,69.05371,12944.773,3.551043,7157498.5,68.8217,0,,,,,608.2341236017962,8.338668E-6,701.5007492708562,5.4808315E-5,-0.0036673457,0.007441966
128.4068301856605,0.0017427657,953,7153919.0,69.05545,12925.08,3.5592728,7157866.5,68.75218,0,,,,,608.233568463231,8.340304E-6,701.5011652256869,5.4800414E-5,-0.0043865857,0.007821184
128.4272647137186,0.0017436937,954,7153939.5,69.05503,12945.345,3.554567,7157884.0,68.73769,0,,,,,608.233309950389,8.339964E-6,701.5010339178145,5.480113E-5,-0.0046460847,0.0076225633
128.44769924166758,0.0017446217,955,7153607.0,69.05399,12936.833,3.554349,7157564.5,68.71179,0,,,,,608.2339590222161,8.339782E-6,701.5011377580133,5.4804037E-5,-0.0039011044,0.0077827815
128.46813376949285,0.0017455495,956,7153477.0,69.05338,12935.857,3.5528886,7157447.5,68.872986,0,,,,,608.2338883023168,8.340294E-6,701.5015591350435,5.480166E-5,-0.004017169,0.008251359
128.48856819720822,0.0017464772,957,7153863.5,69.05518,12942.777,3.5543928,7157820.0,68.85459,0,,,,,608.2339218320517,8.3397235E-6,701.501100498908,5.48028E-5,-0.003962688,0.008243294
128.5090028248087,0.0017474048,958,7153850.5,69.05536,13130.709,3.5587826,7157842.0,68.7766,0,,,,,608.2335233604757,8.341403E-6,701.5013675459355,5.4801978E-5,-0.0044164266,0.008710636
128.529437352292,0.0017483323,959,7153656.0,69.05402,12924.813,3.5553944,7157613.0,68.868614,0,,,,,608.234260202575,8.339884E-6,701.5014951765377,5.4803302E-5,-0.0035700875,0.008854756
128.54987177965086,0.0017492597,960,7154058.5,69.05604,12924.592,3.555099,7158071.0,68.754425,0,,,,,608.2338639662252,8.34064E-6,701.5014330673566,5.4798445E-5,-0.0041197995,0.0086999275
128.5703064070185,0.001750187,961,7153832.0,69.05459,12919.986,3.5552998,7157820.5,68.8362,8192,,,,,608.2336775742077,8.340818E-6,701.5012427909878,5.4801734E-5,-0.0042136787,0.008702967
128.5907409341453,0.0017511141,962,7153727.0,69.05378,12923.433,3.5590944,7157714.5,68.82919,0,,,,,608.2335911213358,8.340101E-6,701.5014565778557,5.4800592E-5,-0.0043047178,0.008830275
128.61117536116217,0.0017520412,963,7153746.0,69.05407,12915.878,3.5555947,7157786.0,68.60447,0,,,,,608.233525391049,8.341301E-6,701.5018405110008,5.4796503E-5,-0.0045044203,0.009191894
128.6316098881798,0.0017529682,964,7153666.0,69.0537,12934.948,3.5525475,7157689.5,68.75535,128,,,,,608.2332820190456,8.340027E-6,701.5013692748221,5.4802655E-5,-0.004575528,0.008974876
128.65204451496538,0.001753895,965,7153793.5,69.05388,12914.067,3.555865,7157831.0,68.76548,8192,,,,,608.2336171918264,8.341536E-6,701.5020995166885,5.479335E-5,-0.0044118296,0.009516479
128.6724790416265,0.0017548216,966,7153435.5,69.05314,12916.708,3.5570152,7157445.0,68.798325,0,,,,,608.2338831932427,8.34064E-6,701.5016819858607,5.480153E-5,-0.004004603,0.00905624
128.69291346817772,0.0017557482,967,7153381.5,69.052155,12924.618,3.558085,7157405.5,68.825294,0,,,,,608.233619414052,8.3405575E-6,701.5016911607227,5.4801483E-5,-0.0042359713,0.009287201
128.7133480947232,0.0017566747,968,7153908.5,69.054855,12919.977,3.5582383,7157970.5,68.72421,0,,,,,608.2338223783028,8.341945E-6,701.502324252851,5.4791264E-5,-0.0042335787,0.009883722
128.73378262104234,0.001757601,969,7153626.0,69.05399,12917.976,3.5540335,7157640.5,68.91203,0,,,,,608.2339117562935,8.340054E-6,701.5013366982013,5.480406E-5,-0.003874189,0.00936131
128.75421704736073,0.0017585274,970,7153492.0,69.05351,12914.529,3.5587058,7157558.0,68.74872,128,,,,,608.2339553797003,8.341714E-6,701.5024636293896,5.4794644E-5,-0.0039747893,0.010406637
128.77465157344704,0.0017594534,971,7153712.0,69.05425,12929.173,3.555088,7157766.5,68.82413,0,,,,,608.2339286126381,8.3414525E-6,701.5022092755679,5.4795386E-5,-0.004057499,0.01021111
128.79508619952685,0.0017603795,972,,,,,,,12352,,,,,,,,,,
128.81552062537958,0.0017613054,973,7153806.0,69.05528,13106.604,3.5597186,7157902.5,68.61278,128,,,,,608.2335137511043,8.343644E-6,701.5023358027756,5.479463E-5,-0.004534245,0.0103700645
128.8359551512258,0.0017622312,974,7153515.0,69.05328,12919.41,3.5558019,7157576.0,68.7591,0,,,,,608.2341315127269,8.3409495E-6,701.5020483878104,5.4799875E-5,-0.0037043476,0.010206121
128.85638967684645,0.0017631568,975,7153334.5,69.05198,12920.108,3.5539515,7157408.0,68.76431,0,,,,,608.2345189702972,8.341407E-6,701.5023076121557,5.4797623E-5,-0.0033336226,0.010321355
128.8768242023507,0.0017640823,976,7153699.0,69.05364,12919.752,3.5557249,7157795.5,68.810074,0,,,,,608.234521155899,8.341699E-6,701.5024269922791,5.479384E-5,-0.0034604403,0.010606942
128.89725872785493,0.0017650079,977,7153219.0,69.0518,12906.221,3.5527089,7157302.0,68.823715,0,,,,,608.2340011202521,8.341044E-6,701.5020405399089,5.4800366E-5,-0.0038127212,0.010069243
128.91769325323548,0.0017659332,978,7153673.0,69.053406,12910.073,3.558847,7157776.5,68.751724,0,,,,,608.233650376726,8.3423E-6,701.5023332718604,5.479287E-5,-0.004352887,0.01062348
128.93812777839048,0.0017668584,979,7153844.0,69.05395,12893.449,3.5566163,7157937.5,68.78973,0,,,,,608.2336905706975,8.341631E-6,701.5022033593578,5.4793698E-5,-0.0043004313,0.010573947
128.9585623035382,0.0017677835,980,7153468.5,69.052795,12920.304,3.5551503,7157588.5,68.71555,0,,,,,608.2331653251161,8.342187E-6,701.5026602400484,5.4793916E-5,-0.0048113847,0.011025652
128.97899682846037,0.0017687085,981,7153608.0,69.05283,12891.529,3.5521688,7157709.5,68.84598,8192,,,,,608.2334525915239,8.342185E-6,701.5025374900044,5.4793196E-5,-0.0045186994,0.010884197
128.99943125338177,0.0017696334,982,7153481.0,69.0528,12906.27,3.5552678,7157568.0,68.89547,0,,,,,608.233321094087,8.342225E-6,701.5026557440328,5.4792676E-5,-0.004662818,0.010858414
129.01986587818828,0.0017705582,983,7153810.0,69.05379,12908.02,3.5549402,7157898.5,68.89332,0,,,,,608.2335535501793,8.341886E-6,701.5024155109052,5.4792854E-5,-0.0044152625,0.011051178
129.04030040275393,0.0017714828,984,7153757.0,69.05389,12902.483,3.5567615,7157833.5,68.93094,0,,,,,608.2334590990431,8.341159E-6,701.5021600023873,5.4796674E-5,-0.004439645,0.010801063
129.0607348273261,0.0017724073,985,7153983.0,69.055016,12914.322,3.5568578,7158103.5,68.836716,0,,,,,608.2333585120546,8.342864E-6,701.5025821787597,5.478848E-5,-0.004721643,0.0109967105
129.08116945177608,0.0017733318,986,7153848.0,69.05459,12897.686,3.5535045,7157910.5,68.9566,0,,,,,608.232929049697,8.341776E-6,701.5021113779089,5.4794975E-5,-0.0050346623,0.010758161
129.10160397599975,0.001774256,987,7153825.5,69.054276,12900.6045,3.5571122,7157914.5,68.914604,0,,,,,608.2330131825266,8.3420355E-6,701.5022802319755,5.4792454E-5,-0.0049544685,0.010826609
129.12203850022343,0.0017751802,988,7153857.0,69.0544,12912.178,3.5533407,7157974.0,68.87771,0,,,,,608.2332340416103,8.343302E-6,701.5028533229001,5.4786895E-5,-0.004872204,0.01128436
129.1424729242135,0.0017761042,989,7153702.0,69.053856,12899.413,3.554903,7157721.0,68.94828,0,,,,,608.2333173192876,8.3411405E-6,701.5018754296526,5.4798595E-5,-0.004529899,0.010572831
129.16290754819784,0.0017770282,990,7154099.5,69.05559,12897.481,3.5551314,7158210.5,68.886665,0,,,,,608.232933656336,8.343281E-6,701.5026831842645,5.478673E-5,-0.0051875445,0.011201139
129.18334207207226,0.0017779521,991,7153372.0,69.05244,12924.325,3.5524647,7157466.5,68.89192,0,,,,,608.2329144324983,8.342847E-6,701.5032205773314,5.4790147E-5,-0.005134003,0.01176883
129.2037764957131,0.0017788757,992,7153230.0,69.05154,12903.433,3.5530474,7157290.0,68.9397,0,,,,,608.2329484720241,8.341993E-6,701.5027697405552,5.4794516E-5,-0.004988625,0.011319782
129.22421111934818,0.0017797993,993,7153793.0,69.05419,12904.942,3.5577693,7157886.5,68.8829,0,,,,,608.2332314800802,8.343907E-6,701.5033446658346,5.478484E-5,-0.004902014,0.012002313
129.24464564287337,0.0017807229,994,7153733.5,69.05378,12919.4795,3.5527523,7157792.5,68.89165,128,,,,,608.2330061858365,8.341836E-6,701.5025865000815,5.479385E-5,-0.0049207625,0.011458638
129.26508006616496,0.0017816462,995,7153713.5,69.05371,12912.756,3.5530777,7157822.5,68.87516,0,,,,,608.2330254073091,8.3427385E-6,701.5028661316503,5.4789863E-5,-0.005020276,0.011634222
129.28551458945003,0.0017825695,996,7153693.0,69.05372,12895.651,3.5555973,7157799.5,68.87277,0,,,,,608.2332508833945,8.343117E-6,701.5030665085883,5.47885E-5,-0.0048330063,0.011777266
129.30594921262673,0.0017834926,997,7153997.5,69.05536,12909.123,3.5552428,7158056.5,68.84943,0,,,,,608.2330594762337,8.341893E-6,701.5023429693257,5.47941E-5,-0.004858872,0.011560776
129.32638363556907,0.0017844156,998,7154233.0,69.05635,12913.186,3.557979,7158349.0,68.81715,0,,,,,608.2330029686028,8.343183E-6,701.5027861766564,5.478645E-5,-0.005079603,0.011904495
129.3468181585049,0.0017853385,999,7153946.0,69.05489,12923.143,3.5545516,7158008.0,68.87555,0,,,,,608.2330640353694,8.342304E-6,701.5026137687436,5.4791093E-5,-0.004931801,0.011614081
129.36725278133235,0.0017862613,1000,7153520.0,69.0526,12914.882,3.5537593,7157607.5,68.81962,0,,,,,608.2330261336588,8.342848E-6,701.5030889869903,5.479E-5,-0.0049755774,0.012054911
129.38768720392545,0.0017871839,1001,7153792.0,69.05446,12922.591,3.554241,7157892.5,68.80753,0,,,,,608.2329426768913,8.343026E-6,701.5032773949226,5.478808E-5,-0.005099151,0.012433351
129.40812172651204,0.0017881065,1002,7153580.0,69.05364,12901.405,3.5549023,7157678.5,68.74506,128,,,,,608.2328398546697,8.3437035E-6,701.5037032325089,5.478592E-5,-0.0052641667,0.012931505
129.42855624887306,0.0017890289,1003,7153658.0,69.05408,12914.044,3.5559418,7157747.5,68.86031,0,,,,,608.2324428995014,8.343043E-6,701.5033254622232,5.4788477E-5,-0.0056098867,0.012568533
129.44899087122758,0.0017899512,1004,7153384.0,69.05245,12891.043,3.5552347,7157467.5,68.76133,0,,,,,608.2323477253025,8.34284E-6,701.5037338719744,5.4788685E-5,-0.005674733,0.013180383
129.46942529347143,0.0017908735,1005,7153459.0,69.0524,12917.961,3.5510979,7157584.0,68.7083,0,,,,,608.2324278035364,8.344568E-6,701.5044324674943,5.4780725E-5,-0.0057876287,0.013586937
129.48985981548321,0.0017917955,1006,7153440.5,69.05226,12890.179,3.5515642,7157514.5,68.75816,0,,,,,608.2322231125096,8.342907E-6,701.5039311807377,5.4787037E-5,-0.005812336,0.013284026
129.51029443749576,0.0017927175,1007,7153549.0,69.05358,12912.521,3.556028,7157645.5,68.71442,128,,,,,608.2325152613769,8.343508E-6,701.5037579927567,5.478646E-5,-0.0055287727,0.013032454
129.53072885926667,0.0017936393,1008,7153856.0,69.054665,12906.36,3.5542724,7157975.5,68.74475,8192,,,,,608.2327057717908,8.3443265E-6,701.5037970537928,5.4782835E-5,-0.0054780473,0.013178074
129.55116338104563,0.001794561,1009,7153497.5,69.052765,12901.327,3.555059,7157565.5,68.70947,0,,,,,608.2322383778987,8.342569E-6,701.5033246729382,5.4790617E-5,-0.0057320613,0.012855768
129.57159790259175,0.0017954826,1010,7154002.0,69.05494,12912.993,3.5510516,7158138.5,68.639595,128,,,,,608.2319715993874,8.344482E-6,701.5040366337329,5.4779983E-5,-0.0062937397,0.013266651
129.5920324241306,0.0017964041,1011,7153604.5,69.053085,12902.161,3.5539515,7157704.0,68.707634,0,,,,,608.2323120161545,8.343328E-6,701.5037330948968,5.4786036E-5,-0.005787669,0.013111159
129.61246694544388,0.0017973254,1012,7153450.0,69.052635,12912.519,3.5534177,7157564.0,68.692986,0,,,,,608.2323854575901,8.343361E-6,701.5037050844808,5.4787375E-5,-0.005659043,0.013081327
129.63290146675718,0.0017982468,1013,7153982.5,69.05547,12909.845,3.552345,7158116.5,68.52465,0,,,,,608.2324720828209,8.344455E-6,701.5037545184236,5.478131E-5,-0.0057188487,0.013015369
129.65333598783036,0.0017991678,1014,7153689.5,69.053345,12906.394,3.5530868,7157764.0,68.70207,0,,,,,608.232150090594,8.342921E-6,701.5032778064959,5.4788146E-5,-0.00590474,0.012707995
129.67377050891082,0.0018000889,1015,7154111.5,69.05546,12895.621,3.5555902,7158234.0,68.656654,0,,,,,608.2321872383412,8.343808E-6,701.5031755706441,5.4784046E-5,-0.0059805573,0.012464778
129.69420502975845,0.0018010098,1016,7153934.0,69.055214,12903.502,3.5532079,7158051.5,68.65348,0,,,,,608.2324221319273,8.34397E-6,701.5033182680017,5.478481E-5,-0.005706718,0.012531115
129.7146395505988,0.0018019306,1017,7153977.5,69.055534,12909.341,3.5548947,7158099.5,68.64574,0,,,,,608.2323126777985,8.343942E-6,701.5029866036871,5.4785927E-5,-0.005796981,0.012037122
129.7350740712136,0.0018028512,1018,7154207.5,69.056366,12922.338,3.5570533,7158309.5,68.74701,0,,,,,608.2325914219377,8.34363E-6,701.5025809023216,5.4786895E-5,-0.0055276533,0.011801023
129.7555085918284,0.0018037718,1019,7154228.0,69.05646,12904.756,3.5568326,7158341.0,68.7171,0,,,,,608.2325498464478,8.343213E-6,701.5027381444506,5.4786957E-5,-0.0055150045,0.012121461
129.7759431122031,0.0018046922,1020,7154197.0,69.05636,12894.813,3.5536706,7158340.0,68.574455,0,,,,,608.2324197982628,8.344075E-6,701.5029010728069,5.4784592E-5,-0.005712259,0.012022691
129.7963777324694,0.0018056125,1021,7154284.0,69.055954,12901.711,3.5533938,7158385.5,68.704796,0,,,,,608.2318667749175,8.3432005E-6,701.5026091670626,5.478771E-5,-0.0062186276,0.011749457
129.8168121527342,0.0018065327,1022,7154356.0,69.05635,12886.6455,3.55994,7158486.0,68.67473,0,,,,,608.231781531788,8.344482E-6,701.5029938050701,5.4781347E-5,-0.0064404714,0.012060967
129.83724667275965,0.0018074528,1023,7153799.0,69.05347,12911.386,3.5528965,7157912.0,68.61865,0,,,,,608.2318048707363,8.343719E-6,701.50301116213,5.4785418E-5,-0.006352752,0.011926499
129.85768119267595,0.0018083727,1024,7153516.0,69.052795,12905.81,3.5553002,7157612.0,68.67418,0,,,,,608.2311845884152,8.343557E-6,701.5029906538508,5.478835E-5,-0.006891518,0.011679348
129.87811571247585,0.0018092925,1025,7154380.0,69.056694,12901.267,3.557751,7158522.5,68.52322,128,,,,,608.2316137279412,8.344789E-6,701.5029733297523,5.4779895E-5,-0.006710567,0.011721812
129.89855023215205,0.0018102122,1026,7153547.5,69.053474,12905.097,3.5517888,7157639.0,68.498955,0,,,,,608.2321392375275,8.343886E-6,701.5025458795312,5.4790045E-5,-0.0059215804,0.011231017
129.91898475183552,0.0018111318,1027,7154164.0,69.05546,12917.242,3.553296,7158260.0,68.44473,0,,,,,608.2315445104712,8.343974E-6,701.5026609629723,5.4784865E-5,-0.0066174422,0.011681489
129.93941927128617,0.0018120513,1028,7153919.0,69.05445,12932.995,3.553474,7158014.5,68.380684,8192,,,,,608.2314037530216,8.3448895E-6,701.5034760249955,5.4779743E-5,-0.006887817,0.012120662
129.95985379061312,0.0018129706,1029,7153783.5,69.05368,12914.965,3.5572288,7157835.5,68.37779,0,,,,,608.2318248690002,8.343221E-6,701.5025580251806,5.478973E-5,-0.0062481402,0.01165876
129.98028830983094,0.0018138898,1030,7154179.0,69.05581,12910.074,3.5541706,7158277.0,68.38424,0,,,,,608.231146427225,8.344885E-6,701.5030036961203,5.4780936E-5,-0.0071143187,0.01179671
130.00072272893158,0.0018148089,1031,7154043.5,69.055016,12895.462,3.5531495,7158108.0,68.27894,128,,,,,608.2314106235815,8.344135E-6,701.5029550118909,5.4783945E-5,-0.0067924666,0.011958635
130.02115734791005,0.0018157279,1032,7154177.5,69.0552,12918.558,3.554188,7158253.5,68.18517,0,,,,,608.2318280768225,8.344267E-6,701.5028675138036,5.478298E-5,-0.0063939644,0.011943468
130.04159186677862,0.0018166468,1033,7153789.5,69.05372,12885.503,3.5532832,7157861.0,68.1447,0,,,,,608.2315757898439,8.344404E-6,701.5030408759592,5.4784105E-5,-0.0066243084,0.011861431
130.06202628553,0.0018175655,1034,7154133.5,69.05534,12898.178,3.5580335,7158222.0,68.1886,8192,,,,,608.2317410610758,8.344515E-6,701.5030196420374,5.4783082E-5,-0.006433164,0.012177925
130.08246080415847,0.0018184842,1035,7153668.5,69.05348,12898.512,3.5575058,7157765.0,68.21339,0,,,,,608.2314967548258,8.345232E-6,701.5035633988069,5.478074E-5,-0.0067558708,0.012228592
130.10289542267856,0.0018194027,1036,7153797.0,69.05406,12886.039,3.5565236,7157852.5,68.27324,128,,,,,608.2315445664308,8.343453E-6,701.5024282028176,5.478956E-5,-0.0065310467,0.011332641
130.1233298410807,0.0018203211,1037,7154010.5,69.0545,12904.691,3.5506136,7158097.5,68.13993,0,,,,,608.2321754914636,8.345254E-6,701.5030717208431,5.4781154E-5,-0.0060539986,0.011766808
130.1437643592435,0.0018212392,1038,7153707.0,69.05303,12908.45,3.5541914,7157773.0,68.12949,0,,,,,608.2319654732444,8.344322E-6,701.5028265568833,5.478515E-5,-0.0062081963,0.011490793
130.16419897741434,0.0018221574,1039,7153942.5,69.05411,12907.917,3.5552938,7157968.5,68.114944,0,,,,,608.2319177946632,8.3434925E-6,701.5024194245344,5.4788114E-5,-0.00616234,0.011421171
130.184633495468,0.0018230755,1040,7154086.5,69.0546,12896.45,3.554204,7158133.0,68.145935,0,,,,,608.2319561359941,8.3452105E-6,701.5030449864383,5.477929E-5,-0.006340031,0.0116867805
130.20506791339722,0.0018239934,1041,7153904.5,69.05479,12906.232,3.5552647,7157899.0,68.24494,0,,,,,608.2321438866778,8.343636E-6,701.5024648216585,5.4788674E-5,-0.0059234104,0.011544855
130.22550243110163,0.0018249111,1042,7153762.0,69.053795,12891.61,3.5562713,7157768.0,68.25771,0,,,,,608.2314959267811,8.345052E-6,701.5030298888928,5.4782864E-5,-0.0067068054,0.011635344
130.2459370488068,0.0018258288,1043,7154136.5,69.05551,12901.087,3.5537143,7158238.0,67.941605,0,,,,,608.2312857096172,8.345504E-6,701.5029385862615,5.477979E-5,-0.006977076,0.011701009
